match_id,date,home_team,visit_team,home_score,visit_score
400827892,2015-10-28 00:00:00,Boston Celtics,Philadelphia 76ers,112,95
400827911,2015-10-30 00:00:00,Boston Celtics,Toronto Raptors,103,113
400827927,2015-11-01 00:00:00,Boston Celtics,San Antonio Spurs,87,95
400827947,2015-11-04 00:00:00,Indiana Pacers,Boston Celtics,100,98
400827963,2015-11-06 00:00:00,Boston Celtics,Washington Wizards,118,98
400827997,2015-11-10 00:00:00,Milwaukee Bucks,Boston Celtics,83,99
400828003,2015-11-11 00:00:00,Boston Celtics,Indiana Pacers,91,102
400828016,2015-11-13 00:00:00,Boston Celtics,Atlanta Hawks,106,93
400828036,2015-11-15 00:00:00,Oklahoma City Thunder,Boston Celtics,85,100
400828041,2015-11-16 00:00:00,Houston Rockets,Boston Celtics,95,111
400828055,2015-11-18 00:00:00,Boston Celtics,Dallas Mavericks,102,106
400828066,2015-11-20 00:00:00,Boston Celtics,Brooklyn Nets,120,95
400828084,2015-11-22 00:00:00,Brooklyn Nets,Boston Celtics,111,101
400828097,2015-11-24 00:00:00,Atlanta Hawks,Boston Celtics,121,97
400828104,2015-11-25 00:00:00,Boston Celtics,Philadelphia 76ers,84,80
400828116,2015-11-27 00:00:00,Boston Celtics,Washington Wizards,111,78
400828136,2015-11-29 00:00:00,Orlando Magic,Boston Celtics,110,91
400828142,2015-11-30 00:00:00,Miami Heat,Boston Celtics,95,105
400828169,2015-12-03 00:00:00,Sacramento Kings,Boston Celtics,97,114
400828183,2015-12-05 00:00:00,San Antonio Spurs,Boston Celtics,108,105
400828199,2015-12-07 00:00:00,New Orleans Pelicans,Boston Celtics,93,111
400828206,2015-12-09 00:00:00,Boston Celtics,Chicago Bulls,105,100
400828223,2015-12-11 00:00:00,Boston Celtics,Golden State Warriors,119 2OT,124
400828232,2015-12-12 00:00:00,Charlotte Hornets,Boston Celtics,93,98
400828254,2015-12-15 00:00:00,Boston Celtics,Cleveland Cavaliers,77,89
400828261,2015-12-16 00:00:00,Detroit Pistons,Boston Celtics,119,116
400828276,2015-12-18 00:00:00,Boston Celtics,Atlanta Hawks,101,109
400828298,2015-12-21 00:00:00,Boston Celtics,Minnesota Timberwolves,113,99
400828310,2015-12-23 00:00:00,Charlotte Hornets,Boston Celtics,89,102
400828333,2015-12-26 00:00:00,Detroit Pistons,Boston Celtics,93,99
400828341,2015-12-27 00:00:00,Boston Celtics,New York Knicks,100,91
400828363,2015-12-30 00:00:00,Boston Celtics,Los Angeles Lakers,104,112
400828382,2016-01-02 00:00:00,Boston Celtics,Brooklyn Nets,97,100
400828400,2016-01-04 00:00:00,Brooklyn Nets,Boston Celtics,94,103
400828415,2016-01-06 00:00:00,Boston Celtics,Detroit Pistons,94,99
400828424,2016-01-07 00:00:00,Chicago Bulls,Boston Celtics,101,92
400828447,2016-01-10 00:00:00,Memphis Grizzlies,Boston Celtics,101,98
400828458,2016-01-12 00:00:00,New York Knicks,Boston Celtics,120,114
400828467,2016-01-13 00:00:00,Boston Celtics,Indiana Pacers,103,94
400828482,2016-01-15 00:00:00,Boston Celtics,Phoenix Suns,117,103
400828491,2016-01-16 00:00:00,Washington Wizards,Boston Celtics,117,119
400828510,2016-01-18 00:00:00,Dallas Mavericks,Boston Celtics,118,113 OT
400828520,2016-01-20 00:00:00,Toronto Raptors,Boston Celtics,115,109
400828533,2016-01-22 00:00:00,Boston Celtics,Chicago Bulls,110,101
400861758,2016-01-24 00:00:00,Philadelphia 76ers,Boston Celtics,92,112
400828555,2016-01-25 00:00:00,Washington Wizards,Boston Celtics,91,116
400828572,2016-01-27 00:00:00,Boston Celtics,Denver Nuggets,111,103
400828585,2016-01-29 00:00:00,Boston Celtics,Orlando Magic,113,94
400828603,2016-01-31 00:00:00,Orlando Magic,Boston Celtics,119,114
400828617,2016-02-02 00:00:00,New York Knicks,Boston Celtics,89,97
400828624,2016-02-03 00:00:00,Boston Celtics,Detroit Pistons,102,95
400828642,2016-02-05 00:00:00,Cleveland Cavaliers,Boston Celtics,103,104
400828660,2016-02-07 00:00:00,Boston Celtics,Sacramento Kings,128,119
400828673,2016-02-09 00:00:00,Milwaukee Bucks,Boston Celtics,112,111
400828679,2016-02-10 00:00:00,Boston Celtics,LA Clippers,139,134 OT
400828704,2016-02-19 00:00:00,Utah Jazz,Boston Celtics,111,93
400828712,2016-02-21 00:00:00,Denver Nuggets,Boston Celtics,101,121
400828725,2016-02-22 00:00:00,Minnesota Timberwolves,Boston Celtics,124,122
400828743,2016-02-25 00:00:00,Boston Celtics,Milwaukee Bucks,112,107
400828756,2016-02-27 00:00:00,Boston Celtics,Miami Heat,101,89
400828773,2016-02-29 00:00:00,Boston Celtics,Utah Jazz,100,95
400828786,2016-03-02 00:00:00,Boston Celtics,Portland Trail Blazers,116,93
400828802,2016-03-04 00:00:00,Boston Celtics,New York Knicks,105,104
400828809,2016-03-05 00:00:00,Cleveland Cavaliers,Boston Celtics,120,103
400828840,2016-03-09 00:00:00,Boston Celtics,Memphis Grizzlies,116,96
400828852,2016-03-11 00:00:00,Boston Celtics,Houston Rockets,98,102
400828884,2016-03-15 00:00:00,Indiana Pacers,Boston Celtics,103,98
400828890,2016-03-16 00:00:00,Boston Celtics,Oklahoma City Thunder,109,130
400828910,2016-03-18 00:00:00,Toronto Raptors,Boston Celtics,105,91
400828926,2016-03-20 00:00:00,Philadelphia 76ers,Boston Celtics,105,120
400828933,2016-03-21 00:00:00,Boston Celtics,Orlando Magic,107,96
400828944,2016-03-23 00:00:00,Boston Celtics,Toronto Raptors,91,79
400828977,2016-03-26 00:00:00,Phoenix Suns,Boston Celtics,99,102
400828993,2016-03-28 00:00:00,LA Clippers,Boston Celtics,114,90
400829014,2016-03-31 00:00:00,Portland Trail Blazers,Boston Celtics,116,109
400829023,2016-04-01 00:00:00,Golden State Warriors,Boston Celtics,106,109
400829040,2016-04-03 00:00:00,Los Angeles Lakers,Boston Celtics,100,107
400829055,2016-04-06 00:00:00,Boston Celtics,New Orleans Pelicans,104,97
400829068,2016-04-08 00:00:00,Boston Celtics,Milwaukee Bucks,124,109
400829075,2016-04-09 00:00:00,Atlanta Hawks,Boston Celtics,118,107
400829092,2016-04-11 00:00:00,Boston Celtics,Charlotte Hornets,100,114
400829104,2016-04-13 00:00:00,Boston Celtics,Miami Heat,98,88
400827893,2015-10-28 00:00:00,Brooklyn Nets,Chicago Bulls,100,115
400827915,2015-10-30 00:00:00,San Antonio Spurs,Brooklyn Nets,102,75
400827923,2015-10-31 00:00:00,Memphis Grizzlies,Brooklyn Nets,101,91
400827934,2015-11-02 00:00:00,Brooklyn Nets,Milwaukee Bucks,96,103
400827949,2015-11-04 00:00:00,Atlanta Hawks,Brooklyn Nets,101,87
400827964,2015-11-06 00:00:00,Brooklyn Nets,Los Angeles Lakers,98,104
400827976,2015-11-07 00:00:00,Milwaukee Bucks,Brooklyn Nets,94,86
400828006,2015-11-11 00:00:00,Houston Rockets,Brooklyn Nets,98,106
400828024,2015-11-13 00:00:00,Sacramento Kings,Brooklyn Nets,111,109
400828031,2015-11-14 00:00:00,Golden State Warriors,Brooklyn Nets,107,99 OT
400828046,2015-11-17 00:00:00,Brooklyn Nets,Atlanta Hawks,90,88
400828052,2015-11-18 00:00:00,Charlotte Hornets,Brooklyn Nets,116,111
400828110,2015-11-25 00:00:00,Oklahoma City Thunder,Brooklyn Nets,110,99
400828127,2015-11-28 00:00:00,Cleveland Cavaliers,Brooklyn Nets,90,88
400828135,2015-11-29 00:00:00,Brooklyn Nets,Detroit Pistons,87,83
400828151,2015-12-01 00:00:00,Brooklyn Nets,Phoenix Suns,94,91
400828170,2015-12-04 00:00:00,New York Knicks,Brooklyn Nets,108,91
400828187,2015-12-06 00:00:00,Brooklyn Nets,Golden State Warriors,98,114
400828202,2015-12-08 00:00:00,Brooklyn Nets,Houston Rockets,110,105
400828216,2015-12-10 00:00:00,Brooklyn Nets,Philadelphia 76ers,100,91
400828231,2015-12-12 00:00:00,Brooklyn Nets,LA Clippers,100,105
400828245,2015-12-14 00:00:00,Brooklyn Nets,Orlando Magic,82,105
400828260,2015-12-16 00:00:00,Brooklyn Nets,Miami Heat,98,104
400828273,2015-12-18 00:00:00,Indiana Pacers,Brooklyn Nets,104,97
400828290,2015-12-20 00:00:00,Brooklyn Nets,Minnesota Timberwolves,85,100
400828301,2015-12-21 00:00:00,Chicago Bulls,Brooklyn Nets,102,105
400828315,2015-12-23 00:00:00,Brooklyn Nets,Dallas Mavericks,118 OT,119
400828334,2015-12-26 00:00:00,Brooklyn Nets,Washington Wizards,96,111
400828349,2015-12-28 00:00:00,Miami Heat,Brooklyn Nets,105,111
400828362,2015-12-30 00:00:00,Orlando Magic,Brooklyn Nets,100,93
400828416,2016-01-06 00:00:00,Brooklyn Nets,Toronto Raptors,74,91
400828428,2016-01-08 00:00:00,Brooklyn Nets,Orlando Magic,77,83
400828440,2016-01-09 00:00:00,Detroit Pistons,Brooklyn Nets,103,89
400828453,2016-01-11 00:00:00,Brooklyn Nets,San Antonio Spurs,79,106
400828466,2016-01-13 00:00:00,Brooklyn Nets,New York Knicks,110,104
400828483,2016-01-15 00:00:00,Brooklyn Nets,Portland Trail Blazers,104,116
400828489,2016-01-16 00:00:00,Atlanta Hawks,Brooklyn Nets,114,86
400828508,2016-01-18 00:00:00,Toronto Raptors,Brooklyn Nets,112,100
400828518,2016-01-20 00:00:00,Brooklyn Nets,Cleveland Cavaliers,78,91
400828534,2016-01-22 00:00:00,Brooklyn Nets,Utah Jazz,86,108
400828551,2016-01-24 00:00:00,Brooklyn Nets,Oklahoma City Thunder,116,106
400828565,2016-01-26 00:00:00,Brooklyn Nets,Miami Heat,98,102
400828589,2016-01-29 00:00:00,Dallas Mavericks,Brooklyn Nets,91,79
400828597,2016-01-30 00:00:00,New Orleans Pelicans,Brooklyn Nets,105,103
400828609,2016-02-01 00:00:00,Brooklyn Nets,Detroit Pistons,100,105
400828625,2016-02-03 00:00:00,Brooklyn Nets,Indiana Pacers,100,114
400828641,2016-02-05 00:00:00,Brooklyn Nets,Sacramento Kings,128,119
400828651,2016-02-06 00:00:00,Philadelphia 76ers,Brooklyn Nets,103,98
400828665,2016-02-08 00:00:00,Brooklyn Nets,Denver Nuggets,105,104
400828680,2016-02-10 00:00:00,Brooklyn Nets,Memphis Grizzlies,90,109
400828694,2016-02-19 00:00:00,Brooklyn Nets,New York Knicks,109,98
400828714,2016-02-21 00:00:00,Brooklyn Nets,Charlotte Hornets,96,104
400828731,2016-02-23 00:00:00,Portland Trail Blazers,Brooklyn Nets,112,104
400828745,2016-02-25 00:00:00,Phoenix Suns,Brooklyn Nets,106,116
400828763,2016-02-27 00:00:00,Utah Jazz,Brooklyn Nets,96,98
400828777,2016-02-29 00:00:00,LA Clippers,Brooklyn Nets,105,95
400828783,2016-03-01 00:00:00,Los Angeles Lakers,Brooklyn Nets,107,101
400828807,2016-03-04 00:00:00,Denver Nuggets,Brooklyn Nets,120 OT,121
400828813,2016-03-05 00:00:00,Minnesota Timberwolves,Brooklyn Nets,132,118
400828831,2016-03-08 00:00:00,Toronto Raptors,Brooklyn Nets,104,99
400828851,2016-03-11 00:00:00,Philadelphia 76ers,Brooklyn Nets,95,89
400828872,2016-03-13 00:00:00,Brooklyn Nets,Milwaukee Bucks,100,109
400828886,2016-03-15 00:00:00,Brooklyn Nets,Philadelphia 76ers,131,114
400828903,2016-03-17 00:00:00,Chicago Bulls,Brooklyn Nets,118,102
400828917,2016-03-19 00:00:00,Detroit Pistons,Brooklyn Nets,115,103
400828939,2016-03-22 00:00:00,Brooklyn Nets,Charlotte Hornets,100,105
400828956,2016-03-24 00:00:00,Brooklyn Nets,Cleveland Cavaliers,104,95
400828969,2016-03-26 00:00:00,Brooklyn Nets,Indiana Pacers,120,110
400828984,2016-03-28 00:00:00,Miami Heat,Brooklyn Nets,110,99
400828995,2016-03-29 00:00:00,Orlando Magic,Brooklyn Nets,139,105
400829009,2016-03-31 00:00:00,Cleveland Cavaliers,Brooklyn Nets,107,87
400829017,2016-04-01 00:00:00,New York Knicks,Brooklyn Nets,105,91
400829030,2016-04-03 00:00:00,Brooklyn Nets,New Orleans Pelicans,87,106
400829054,2016-04-06 00:00:00,Washington Wizards,Brooklyn Nets,121,103
400829065,2016-04-08 00:00:00,Charlotte Hornets,Brooklyn Nets,113,99
400829086,2016-04-10 00:00:00,Indiana Pacers,Brooklyn Nets,129,105
400829093,2016-04-11 00:00:00,Brooklyn Nets,Washington Wizards,111,120
400829105,2016-04-13 00:00:00,Brooklyn Nets,Toronto Raptors,96,103
400827899,2015-10-28 00:00:00,Milwaukee Bucks,New York Knicks,97,122
400827906,2015-10-29 00:00:00,New York Knicks,Atlanta Hawks,101,112
400827921,2015-10-31 00:00:00,Washington Wizards,New York Knicks,110,117
400827935,2015-11-02 00:00:00,New York Knicks,San Antonio Spurs,84,94
400827950,2015-11-04 00:00:00,Cleveland Cavaliers,New York Knicks,96,86
400827966,2015-11-06 00:00:00,New York Knicks,Milwaukee Bucks,92,99
400827982,2015-11-08 00:00:00,New York Knicks,Los Angeles Lakers,99,95
400827996,2015-11-10 00:00:00,Toronto Raptors,New York Knicks,109,111
400828000,2015-11-11 00:00:00,Charlotte Hornets,New York Knicks,95,93
400828017,2015-11-13 00:00:00,New York Knicks,Cleveland Cavaliers,84,90
400828032,2015-11-15 00:00:00,New York Knicks,New Orleans Pelicans,95,87
400828049,2015-11-17 00:00:00,New York Knicks,Charlotte Hornets,102,94
400828070,2015-11-20 00:00:00,Oklahoma City Thunder,New York Knicks,90,93
400828081,2015-11-21 00:00:00,Houston Rockets,New York Knicks,102,107
400828091,2015-11-23 00:00:00,Miami Heat,New York Knicks,95,78
400828103,2015-11-25 00:00:00,Orlando Magic,New York Knicks,100,91
400828117,2015-11-27 00:00:00,New York Knicks,Miami Heat,78,97
400828139,2015-11-29 00:00:00,New York Knicks,Houston Rockets,111 OT,116
400828158,2015-12-02 00:00:00,New York Knicks,Philadelphia 76ers,99,87
400828182,2015-12-05 00:00:00,Milwaukee Bucks,New York Knicks,106,91
400828194,2015-12-07 00:00:00,New York Knicks,Dallas Mavericks,97,104
400828214,2015-12-09 00:00:00,Utah Jazz,New York Knicks,106,85
400828219,2015-12-10 00:00:00,Sacramento Kings,New York Knicks,99,97
400828239,2015-12-12 00:00:00,Portland Trail Blazers,New York Knicks,110,112
400828262,2015-12-16 00:00:00,New York Knicks,Minnesota Timberwolves,107,102
400828275,2015-12-18 00:00:00,Philadelphia 76ers,New York Knicks,97,107
400828287,2015-12-19 00:00:00,New York Knicks,Chicago Bulls,107,91
400828299,2015-12-21 00:00:00,New York Knicks,Orlando Magic,99,107
400828311,2015-12-23 00:00:00,Cleveland Cavaliers,New York Knicks,91,84
400828329,2015-12-26 00:00:00,Atlanta Hawks,New York Knicks,117,98
400828356,2015-12-29 00:00:00,New York Knicks,Detroit Pistons,108,96
400828380,2016-01-01 00:00:00,Chicago Bulls,New York Knicks,108,81
400828393,2016-01-03 00:00:00,New York Knicks,Atlanta Hawks,111,97
400828408,2016-01-05 00:00:00,Atlanta Hawks,New York Knicks,101,107
400828412,2016-01-06 00:00:00,Miami Heat,New York Knicks,90,98
400828433,2016-01-08 00:00:00,San Antonio Spurs,New York Knicks,100,99
400828449,2016-01-10 00:00:00,New York Knicks,Milwaukee Bucks,100,88
400828494,2016-01-16 00:00:00,Memphis Grizzlies,New York Knicks,103,95
400828502,2016-01-18 00:00:00,New York Knicks,Philadelphia 76ers,119,113 2OT
400828519,2016-01-20 00:00:00,New York Knicks,Utah Jazz,118,111 OT
400828535,2016-01-22 00:00:00,New York Knicks,LA Clippers,88,116
400828542,2016-01-23 00:00:00,Charlotte Hornets,New York Knicks,97,84
400828566,2016-01-26 00:00:00,New York Knicks,Oklahoma City Thunder,122 OT,128
400828581,2016-01-28 00:00:00,Toronto Raptors,New York Knicks,103,93
400828587,2016-01-29 00:00:00,New York Knicks,Phoenix Suns,102,84
400828605,2016-01-31 00:00:00,New York Knicks,Golden State Warriors,95,116
400828633,2016-02-04 00:00:00,Detroit Pistons,New York Knicks,111,105
400828643,2016-02-05 00:00:00,New York Knicks,Memphis Grizzlies,85,91
400828657,2016-02-07 00:00:00,New York Knicks,Denver Nuggets,96,101
400828672,2016-02-09 00:00:00,New York Knicks,Washington Wizards,108,111
400828708,2016-02-20 00:00:00,Minnesota Timberwolves,New York Knicks,95,103
400828722,2016-02-22 00:00:00,New York Knicks,Toronto Raptors,95,122
400828733,2016-02-24 00:00:00,Indiana Pacers,New York Knicks,108,105
400828750,2016-02-26 00:00:00,New York Knicks,Orlando Magic,108,95
400828770,2016-02-28 00:00:00,New York Knicks,Miami Heat,81,98
400828780,2016-03-01 00:00:00,New York Knicks,Portland Trail Blazers,85,104
400828810,2016-03-05 00:00:00,New York Knicks,Detroit Pistons,102,89
400828833,2016-03-08 00:00:00,Denver Nuggets,New York Knicks,110,94
400828843,2016-03-09 00:00:00,Phoenix Suns,New York Knicks,97,128
400828859,2016-03-11 00:00:00,LA Clippers,New York Knicks,101,94
400828874,2016-03-13 00:00:00,Los Angeles Lakers,New York Knicks,87,90
400828898,2016-03-16 00:00:00,Golden State Warriors,New York Knicks,121,85
400828919,2016-03-19 00:00:00,Washington Wizards,New York Knicks,99,89
400828929,2016-03-20 00:00:00,New York Knicks,Sacramento Kings,80,88
400828947,2016-03-23 00:00:00,Chicago Bulls,New York Knicks,107,115
400828957,2016-03-24 00:00:00,New York Knicks,Chicago Bulls,106,94
400828973,2016-03-26 00:00:00,New York Knicks,Cleveland Cavaliers,93,107
400828989,2016-03-28 00:00:00,New Orleans Pelicans,New York Knicks,99,91
400829004,2016-03-30 00:00:00,Dallas Mavericks,New York Knicks,91,89
400829038,2016-04-03 00:00:00,New York Knicks,Indiana Pacers,87,92
400829056,2016-04-06 00:00:00,New York Knicks,Charlotte Hornets,97,111
400829067,2016-04-08 00:00:00,Philadelphia 76ers,New York Knicks,102,109
400829089,2016-04-10 00:00:00,New York Knicks,Toronto Raptors,89,93
400829099,2016-04-12 00:00:00,Indiana Pacers,New York Knicks,102,90
400827910,2015-10-30 00:00:00,Philadelphia 76ers,Utah Jazz,71,99
400827933,2015-11-02 00:00:00,Philadelphia 76ers,Cleveland Cavaliers,100,107
400827952,2015-11-04 00:00:00,Milwaukee Bucks,Philadelphia 76ers,91,87
400827965,2015-11-06 00:00:00,Cleveland Cavaliers,Philadelphia 76ers,108,102
400827974,2015-11-07 00:00:00,Philadelphia 76ers,Orlando Magic,97,105
400827987,2015-11-09 00:00:00,Philadelphia 76ers,Chicago Bulls,88,111
400828002,2015-11-11 00:00:00,Philadelphia 76ers,Toronto Raptors,103,119
400828021,2015-11-13 00:00:00,Oklahoma City Thunder,Philadelphia 76ers,102,85
400828029,2015-11-14 00:00:00,San Antonio Spurs,Philadelphia 76ers,92,83
400828039,2015-11-16 00:00:00,Philadelphia 76ers,Dallas Mavericks,86,92
400828054,2015-11-18 00:00:00,Philadelphia 76ers,Indiana Pacers,85,112
400828065,2015-11-20 00:00:00,Charlotte Hornets,Philadelphia 76ers,113,88
400828080,2015-11-21 00:00:00,Miami Heat,Philadelphia 76ers,96,91
400828093,2015-11-23 00:00:00,Minnesota Timberwolves,Philadelphia 76ers,100,95
400828119,2015-11-27 00:00:00,Houston Rockets,Philadelphia 76ers,116,114
400828138,2015-11-29 00:00:00,Memphis Grizzlies,Philadelphia 76ers,92,84
400828150,2015-12-01 00:00:00,Philadelphia 76ers,Los Angeles Lakers,103,91
400828176,2015-12-05 00:00:00,Philadelphia 76ers,Denver Nuggets,105,108
400828192,2015-12-07 00:00:00,Philadelphia 76ers,San Antonio Spurs,68,119
400828222,2015-12-11 00:00:00,Philadelphia 76ers,Detroit Pistons,95,107
400828242,2015-12-13 00:00:00,Toronto Raptors,Philadelphia 76ers,96,76
400828248,2015-12-14 00:00:00,Chicago Bulls,Philadelphia 76ers,115,96
400828263,2015-12-16 00:00:00,Atlanta Hawks,Philadelphia 76ers,127,106
400828292,2015-12-20 00:00:00,Cleveland Cavaliers,Philadelphia 76ers,108,86
400828306,2015-12-22 00:00:00,Philadelphia 76ers,Memphis Grizzlies,90,104
400828317,2015-12-23 00:00:00,Milwaukee Bucks,Philadelphia 76ers,113,100
400828338,2015-12-26 00:00:00,Phoenix Suns,Philadelphia 76ers,104,111
400828354,2015-12-28 00:00:00,Utah Jazz,Philadelphia 76ers,95,91
400828370,2015-12-30 00:00:00,Sacramento Kings,Philadelphia 76ers,105,110
400828381,2016-01-01 00:00:00,Los Angeles Lakers,Philadelphia 76ers,93,84
400828392,2016-01-02 00:00:00,LA Clippers,Philadelphia 76ers,130,99
400828399,2016-01-04 00:00:00,Philadelphia 76ers,Minnesota Timberwolves,109,99
400828423,2016-01-07 00:00:00,Philadelphia 76ers,Atlanta Hawks,98,126
400828441,2016-01-09 00:00:00,Philadelphia 76ers,Toronto Raptors,95,108
400828446,2016-01-10 00:00:00,Philadelphia 76ers,Cleveland Cavaliers,85,95
400828474,2016-01-14 00:00:00,Philadelphia 76ers,Chicago Bulls,111 OT,115
400828493,2016-01-16 00:00:00,Philadelphia 76ers,Portland Trail Blazers,114,89
400828516,2016-01-20 00:00:00,Orlando Magic,Philadelphia 76ers,87,96
400828564,2016-01-26 00:00:00,Philadelphia 76ers,Phoenix Suns,113,103
400828573,2016-01-27 00:00:00,Detroit Pistons,Philadelphia 76ers,110,97
400828594,2016-01-30 00:00:00,Philadelphia 76ers,Golden State Warriors,105,108
400828623,2016-02-03 00:00:00,Philadelphia 76ers,Atlanta Hawks,86,124
400828640,2016-02-05 00:00:00,Washington Wizards,Philadelphia 76ers,106,94
400828664,2016-02-08 00:00:00,Philadelphia 76ers,LA Clippers,92 OT,98
400828678,2016-02-10 00:00:00,Philadelphia 76ers,Sacramento Kings,110,114
400828698,2016-02-19 00:00:00,New Orleans Pelicans,Philadelphia 76ers,121,114
400828717,2016-02-21 00:00:00,Dallas Mavericks,Philadelphia 76ers,129,103
400828727,2016-02-23 00:00:00,Philadelphia 76ers,Orlando Magic,115,124
400828734,2016-02-24 00:00:00,Detroit Pistons,Philadelphia 76ers,111,91
400828749,2016-02-26 00:00:00,Philadelphia 76ers,Washington Wizards,94,103
400828768,2016-02-28 00:00:00,Orlando Magic,Philadelphia 76ers,130,116
400828772,2016-02-29 00:00:00,Washington Wizards,Philadelphia 76ers,116,108
400828785,2016-03-02 00:00:00,Philadelphia 76ers,Charlotte Hornets,99,119
400828801,2016-03-04 00:00:00,Philadelphia 76ers,Miami Heat,102,112
400828822,2016-03-06 00:00:00,Miami Heat,Philadelphia 76ers,103,98
400828838,2016-03-09 00:00:00,Philadelphia 76ers,Houston Rockets,104,118
400828863,2016-03-12 00:00:00,Philadelphia 76ers,Detroit Pistons,111,125
400828900,2016-03-17 00:00:00,Philadelphia 76ers,Washington Wizards,94,99
400828908,2016-03-18 00:00:00,Philadelphia 76ers,Oklahoma City Thunder,97,111
400828932,2016-03-21 00:00:00,Indiana Pacers,Philadelphia 76ers,91,75
400828951,2016-03-23 00:00:00,Denver Nuggets,Philadelphia 76ers,104,103
400828978,2016-03-26 00:00:00,Portland Trail Blazers,Philadelphia 76ers,108,105
400828981,2016-03-27 00:00:00,Golden State Warriors,Philadelphia 76ers,117,105
400828996,2016-03-29 00:00:00,Philadelphia 76ers,Charlotte Hornets,85,100
400829015,2016-04-01 00:00:00,Charlotte Hornets,Philadelphia 76ers,100,91
400829025,2016-04-02 00:00:00,Philadelphia 76ers,Indiana Pacers,102,115
400829041,2016-04-05 00:00:00,Philadelphia 76ers,New Orleans Pelicans,107,93
400829084,2016-04-10 00:00:00,Philadelphia 76ers,Milwaukee Bucks,108 OT,109
400829101,2016-04-12 00:00:00,Toronto Raptors,Philadelphia 76ers,122,98
400829109,2016-04-13 00:00:00,Chicago Bulls,Philadelphia 76ers,115,105
400827896,2015-10-28 00:00:00,Toronto Raptors,Indiana Pacers,106,99
400827929,2015-11-01 00:00:00,Toronto Raptors,Milwaukee Bucks,106,87
400827944,2015-11-03 00:00:00,Dallas Mavericks,Toronto Raptors,91,102
400827953,2015-11-04 00:00:00,Oklahoma City Thunder,Toronto Raptors,98,103
400827962,2015-11-06 00:00:00,Orlando Magic,Toronto Raptors,92,87
400827983,2015-11-08 00:00:00,Miami Heat,Toronto Raptors,96,76
400828018,2015-11-13 00:00:00,Toronto Raptors,New Orleans Pelicans,100,81
400828037,2015-11-15 00:00:00,Sacramento Kings,Toronto Raptors,107,101
400828051,2015-11-17 00:00:00,Golden State Warriors,Toronto Raptors,115,110
400828060,2015-11-18 00:00:00,Utah Jazz,Toronto Raptors,93,89
400828075,2015-11-20 00:00:00,Los Angeles Lakers,Toronto Raptors,91,102
400828083,2015-11-22 00:00:00,LA Clippers,Toronto Raptors,80,91
400828106,2015-11-25 00:00:00,Toronto Raptors,Cleveland Cavaliers,103,99
400828126,2015-11-28 00:00:00,Washington Wizards,Toronto Raptors,82,84
400828137,2015-11-29 00:00:00,Toronto Raptors,Phoenix Suns,102,107
400828159,2015-12-02 00:00:00,Atlanta Hawks,Toronto Raptors,86,96
400828165,2015-12-03 00:00:00,Toronto Raptors,Denver Nuggets,105,106
400828177,2015-12-05 00:00:00,Toronto Raptors,Golden State Warriors,109,112
400828195,2015-12-07 00:00:00,Toronto Raptors,Los Angeles Lakers,102,93
400828210,2015-12-09 00:00:00,Toronto Raptors,San Antonio Spurs,97,94
400828224,2015-12-11 00:00:00,Toronto Raptors,Milwaukee Bucks,90,83
400828244,2015-12-14 00:00:00,Indiana Pacers,Toronto Raptors,106,90
400828270,2015-12-17 00:00:00,Charlotte Hornets,Toronto Raptors,109,99 OT
400828277,2015-12-18 00:00:00,Miami Heat,Toronto Raptors,94,108
400828295,2015-12-20 00:00:00,Toronto Raptors,Sacramento Kings,94,104
400828308,2015-12-22 00:00:00,Toronto Raptors,Dallas Mavericks,103,99
400828328,2015-12-26 00:00:00,Milwaukee Bucks,Toronto Raptors,90,111
400828350,2015-12-28 00:00:00,Chicago Bulls,Toronto Raptors,104,97
400828364,2015-12-30 00:00:00,Toronto Raptors,Washington Wizards,94,91
400828379,2016-01-01 00:00:00,Toronto Raptors,Charlotte Hornets,104,94
400828394,2016-01-03 00:00:00,Toronto Raptors,Chicago Bulls,113,115
400828398,2016-01-04 00:00:00,Cleveland Cavaliers,Toronto Raptors,122,100
400828427,2016-01-08 00:00:00,Washington Wizards,Toronto Raptors,88,97
400828475,2016-01-14 00:00:00,Orlando Magic,Toronto Raptors,103 OT,106
400828536,2016-01-22 00:00:00,Toronto Raptors,Miami Heat,101,81
400828553,2016-01-24 00:00:00,Toronto Raptors,LA Clippers,112,94
400828567,2016-01-26 00:00:00,Toronto Raptors,Washington Wizards,106,89
400828595,2016-01-30 00:00:00,Toronto Raptors,Detroit Pistons,111,107
400828614,2016-02-01 00:00:00,Denver Nuggets,Toronto Raptors,112,93
400828619,2016-02-02 00:00:00,Phoenix Suns,Toronto Raptors,97,104
400828635,2016-02-04 00:00:00,Portland Trail Blazers,Toronto Raptors,103,110
400828666,2016-02-08 00:00:00,Detroit Pistons,Toronto Raptors,89,103
400828684,2016-02-10 00:00:00,Minnesota Timberwolves,Toronto Raptors,117,112
400828696,2016-02-19 00:00:00,Chicago Bulls,Toronto Raptors,116,106
400828716,2016-02-21 00:00:00,Toronto Raptors,Memphis Grizzlies,98,85
400828736,2016-02-24 00:00:00,Toronto Raptors,Minnesota Timberwolves,114,105
400828751,2016-02-26 00:00:00,Toronto Raptors,Cleveland Cavaliers,99,97
400828766,2016-02-28 00:00:00,Detroit Pistons,Toronto Raptors,114,101
400828787,2016-03-02 00:00:00,Toronto Raptors,Utah Jazz,104,94
400828803,2016-03-04 00:00:00,Toronto Raptors,Portland Trail Blazers,117,115
400828823,2016-03-06 00:00:00,Toronto Raptors,Houston Rockets,107,113
400828846,2016-03-10 00:00:00,Toronto Raptors,Atlanta Hawks,104,96
400828864,2016-03-12 00:00:00,Toronto Raptors,Miami Heat,112,104 OT
400828878,2016-03-14 00:00:00,Toronto Raptors,Chicago Bulls,107,109
400828887,2016-03-15 00:00:00,Milwaukee Bucks,Toronto Raptors,89,107
400828899,2016-03-17 00:00:00,Indiana Pacers,Toronto Raptors,94 OT,101
400828925,2016-03-20 00:00:00,Toronto Raptors,Orlando Magic,105,100
400828964,2016-03-25 00:00:00,Houston Rockets,Toronto Raptors,112,109
400828971,2016-03-26 00:00:00,New Orleans Pelicans,Toronto Raptors,91,115
400828985,2016-03-28 00:00:00,Toronto Raptors,Oklahoma City Thunder,100,119
400829000,2016-03-30 00:00:00,Toronto Raptors,Atlanta Hawks,105,97
400829019,2016-04-01 00:00:00,Memphis Grizzlies,Toronto Raptors,95,99
400829027,2016-04-02 00:00:00,San Antonio Spurs,Toronto Raptors,102,95
400829043,2016-04-05 00:00:00,Toronto Raptors,Charlotte Hornets,96,90
400829060,2016-04-07 00:00:00,Atlanta Hawks,Toronto Raptors,95,87
400829070,2016-04-08 00:00:00,Toronto Raptors,Indiana Pacers,111,98
400827890,2015-10-27 00:00:00,Golden State Warriors,New Orleans Pelicans,111,95
400827917,2015-10-30 00:00:00,Houston Rockets,Golden State Warriors,92,112
400827922,2015-10-31 00:00:00,New Orleans Pelicans,Golden State Warriors,120,134
400827938,2015-11-02 00:00:00,Golden State Warriors,Memphis Grizzlies,119,69
400827956,2015-11-04 00:00:00,Golden State Warriors,LA Clippers,112,108
400827970,2015-11-06 00:00:00,Golden State Warriors,Denver Nuggets,119,104
400827979,2015-11-07 00:00:00,Sacramento Kings,Golden State Warriors,94,103
400827991,2015-11-09 00:00:00,Golden State Warriors,Detroit Pistons,109,95
400828007,2015-11-11 00:00:00,Memphis Grizzlies,Golden State Warriors,84,100
400828012,2015-11-12 00:00:00,Minnesota Timberwolves,Golden State Warriors,116,129
400828064,2015-11-19 00:00:00,LA Clippers,Golden State Warriors,117,124
400828074,2015-11-20 00:00:00,Golden State Warriors,Chicago Bulls,106,94
400828087,2015-11-22 00:00:00,Denver Nuggets,Golden State Warriors,105,118
400828101,2015-11-24 00:00:00,Golden State Warriors,Los Angeles Lakers,111,77
400828123,2015-11-27 00:00:00,Phoenix Suns,Golden State Warriors,116,135
400828132,2015-11-28 00:00:00,Golden State Warriors,Sacramento Kings,120,101
400828146,2015-11-30 00:00:00,Utah Jazz,Golden State Warriors,103,106
400828155,2015-12-02 00:00:00,Charlotte Hornets,Golden State Warriors,99,116
400828201,2015-12-08 00:00:00,Indiana Pacers,Golden State Warriors,123,131
400828238,2015-12-12 00:00:00,Milwaukee Bucks,Golden State Warriors,108,95
400828268,2015-12-16 00:00:00,Golden State Warriors,Phoenix Suns,128,103
400828284,2015-12-18 00:00:00,Golden State Warriors,Milwaukee Bucks,121,112
400828321,2015-12-23 00:00:00,Golden State Warriors,Utah Jazz,103,85
400828325,2015-12-25 00:00:00,Golden State Warriors,Cleveland Cavaliers,89,83
400828355,2015-12-28 00:00:00,Golden State Warriors,Sacramento Kings,122,103
400828367,2015-12-30 00:00:00,Dallas Mavericks,Golden State Warriors,114,91
400828372,2015-12-31 00:00:00,Houston Rockets,Golden State Warriors,110,114
400828391,2016-01-02 00:00:00,Golden State Warriors,Denver Nuggets,111,108 OT
400828407,2016-01-04 00:00:00,Golden State Warriors,Charlotte Hornets,111,101
400828411,2016-01-05 00:00:00,Los Angeles Lakers,Golden State Warriors,88,109
400828435,2016-01-08 00:00:00,Portland Trail Blazers,Golden State Warriors,108,128
400828443,2016-01-09 00:00:00,Sacramento Kings,Golden State Warriors,116,128
400828455,2016-01-11 00:00:00,Golden State Warriors,Miami Heat,111,103
400828470,2016-01-13 00:00:00,Denver Nuggets,Golden State Warriors,112,110
400828479,2016-01-14 00:00:00,Golden State Warriors,Los Angeles Lakers,116,98
400828492,2016-01-16 00:00:00,Detroit Pistons,Golden State Warriors,113,95
400828509,2016-01-18 00:00:00,Cleveland Cavaliers,Golden State Warriors,98,132
400828521,2016-01-20 00:00:00,Chicago Bulls,Golden State Warriors,94,125
400828539,2016-01-22 00:00:00,Golden State Warriors,Indiana Pacers,122,110
400828562,2016-01-25 00:00:00,Golden State Warriors,San Antonio Spurs,120,90
400828578,2016-01-27 00:00:00,Golden State Warriors,Dallas Mavericks,127,107
400828626,2016-02-03 00:00:00,Washington Wizards,Golden State Warriors,121,134
400828656,2016-02-06 00:00:00,Golden State Warriors,Oklahoma City Thunder,116,108
400828675,2016-02-09 00:00:00,Golden State Warriors,Houston Rockets,123,110
400828686,2016-02-10 00:00:00,Phoenix Suns,Golden State Warriors,104,112
400828702,2016-02-19 00:00:00,Portland Trail Blazers,Golden State Warriors,137,105
400828709,2016-02-20 00:00:00,LA Clippers,Golden State Warriors,112,115
400828723,2016-02-22 00:00:00,Atlanta Hawks,Golden State Warriors,92,102
400828735,2016-02-24 00:00:00,Miami Heat,Golden State Warriors,112,118
400828742,2016-02-25 00:00:00,Orlando Magic,Golden State Warriors,114,130
400828761,2016-02-27 00:00:00,Oklahoma City Thunder,Golden State Warriors,118 OT,121
400828782,2016-03-01 00:00:00,Golden State Warriors,Atlanta Hawks,109,105 OT
400828798,2016-03-03 00:00:00,Golden State Warriors,Oklahoma City Thunder,121,106
400828818,2016-03-06 00:00:00,Los Angeles Lakers,Golden State Warriors,112,95
400828830,2016-03-07 00:00:00,Golden State Warriors,Orlando Magic,119,113
400828845,2016-03-09 00:00:00,Golden State Warriors,Utah Jazz,115,94
400828858,2016-03-11 00:00:00,Golden State Warriors,Portland Trail Blazers,128,112
400828868,2016-03-12 00:00:00,Golden State Warriors,Phoenix Suns,123,116
400828883,2016-03-14 00:00:00,Golden State Warriors,New Orleans Pelicans,125,107
400828913,2016-03-18 00:00:00,Dallas Mavericks,Golden State Warriors,112,130
400828923,2016-03-19 00:00:00,San Antonio Spurs,Golden State Warriors,87,79
400828937,2016-03-21 00:00:00,Minnesota Timberwolves,Golden State Warriors,104,109
400828953,2016-03-23 00:00:00,Golden State Warriors,LA Clippers,114,98
400828967,2016-03-25 00:00:00,Golden State Warriors,Dallas Mavericks,128,120
400828999,2016-03-29 00:00:00,Golden State Warriors,Washington Wizards,102,94
400829006,2016-03-30 00:00:00,Utah Jazz,Golden State Warriors,96 OT,103
400829039,2016-04-03 00:00:00,Golden State Warriors,Portland Trail Blazers,136,111
400829050,2016-04-05 00:00:00,Golden State Warriors,Minnesota Timberwolves,117 OT,124
400829064,2016-04-07 00:00:00,Golden State Warriors,San Antonio Spurs,112,101
400829077,2016-04-09 00:00:00,Memphis Grizzlies,Golden State Warriors,99,100
400829088,2016-04-10 00:00:00,San Antonio Spurs,Golden State Warriors,86,92
400829114,2016-04-13 00:00:00,Golden State Warriors,Memphis Grizzlies,125,104
400827903,2015-10-28 00:00:00,Sacramento Kings,LA Clippers,104,111
400827907,2015-10-29 00:00:00,LA Clippers,Dallas Mavericks,104,88
400827925,2015-10-31 00:00:00,LA Clippers,Sacramento Kings,114,109
400827939,2015-11-02 00:00:00,LA Clippers,Phoenix Suns,102,96
400827980,2015-11-07 00:00:00,LA Clippers,Houston Rockets,105,109
400827992,2015-11-09 00:00:00,LA Clippers,Memphis Grizzlies,94,92
400828005,2015-11-11 00:00:00,Dallas Mavericks,LA Clippers,118,108
400828013,2015-11-12 00:00:00,Phoenix Suns,LA Clippers,118,104
400828025,2015-11-14 00:00:00,LA Clippers,Detroit Pistons,101,96
400828073,2015-11-20 00:00:00,Portland Trail Blazers,LA Clippers,102,91
400828099,2015-11-24 00:00:00,Denver Nuggets,LA Clippers,94,111
400828113,2015-11-25 00:00:00,LA Clippers,Utah Jazz,91,102
400828125,2015-11-27 00:00:00,LA Clippers,New Orleans Pelicans,111,90
400828134,2015-11-29 00:00:00,LA Clippers,Minnesota Timberwolves,107,99
400828148,2015-11-30 00:00:00,LA Clippers,Portland Trail Blazers,102,87
400828163,2015-12-02 00:00:00,LA Clippers,Indiana Pacers,91,103
400828185,2015-12-05 00:00:00,LA Clippers,Orlando Magic,103,101
400828198,2015-12-07 00:00:00,Minnesota Timberwolves,LA Clippers,106,110
400828211,2015-12-09 00:00:00,Milwaukee Bucks,LA Clippers,95,109
400828217,2015-12-10 00:00:00,Chicago Bulls,LA Clippers,83,80
400828246,2015-12-14 00:00:00,Detroit Pistons,LA Clippers,103 OT,105
400828269,2015-12-16 00:00:00,LA Clippers,Milwaukee Bucks,103,90
400828280,2015-12-18 00:00:00,San Antonio Spurs,LA Clippers,115,107
400828288,2015-12-19 00:00:00,Houston Rockets,LA Clippers,107,97
400828305,2015-12-21 00:00:00,LA Clippers,Oklahoma City Thunder,99,100
400828327,2015-12-25 00:00:00,Los Angeles Lakers,LA Clippers,84,94
400828339,2015-12-26 00:00:00,Utah Jazz,LA Clippers,104,109
400828348,2015-12-28 00:00:00,Washington Wizards,LA Clippers,91,108
400828361,2015-12-30 00:00:00,Charlotte Hornets,LA Clippers,117,122
400828374,2015-12-31 00:00:00,New Orleans Pelicans,LA Clippers,89,95
400828422,2016-01-06 00:00:00,Portland Trail Blazers,LA Clippers,98,109
400828437,2016-01-09 00:00:00,LA Clippers,Charlotte Hornets,97,83
400828445,2016-01-10 00:00:00,LA Clippers,New Orleans Pelicans,114,111 OT
400828473,2016-01-13 00:00:00,LA Clippers,Miami Heat,104,90
400828496,2016-01-16 00:00:00,LA Clippers,Sacramento Kings,103,110
400828511,2016-01-18 00:00:00,LA Clippers,Houston Rockets,140,132 OT
400828527,2016-01-21 00:00:00,Cleveland Cavaliers,LA Clippers,115,102
400828563,2016-01-26 00:00:00,Indiana Pacers,LA Clippers,89,91
400828574,2016-01-27 00:00:00,Atlanta Hawks,LA Clippers,83,85
400828593,2016-01-29 00:00:00,LA Clippers,Los Angeles Lakers,105,93
400828601,2016-01-31 00:00:00,LA Clippers,Chicago Bulls,120,93
400828632,2016-02-03 00:00:00,LA Clippers,Minnesota Timberwolves,102,108
400828639,2016-02-05 00:00:00,Orlando Magic,LA Clippers,93,107
400828659,2016-02-07 00:00:00,Miami Heat,LA Clippers,93,100
400828691,2016-02-18 00:00:00,LA Clippers,San Antonio Spurs,105,86
400828726,2016-02-22 00:00:00,LA Clippers,Phoenix Suns,124,84
400828740,2016-02-24 00:00:00,LA Clippers,Denver Nuggets,81,87
400828754,2016-02-26 00:00:00,Sacramento Kings,LA Clippers,107,117
400828794,2016-03-02 00:00:00,LA Clippers,Oklahoma City Thunder,103,98
400828816,2016-03-05 00:00:00,LA Clippers,Atlanta Hawks,97,107
400828829,2016-03-07 00:00:00,Dallas Mavericks,LA Clippers,90,109
400828842,2016-03-09 00:00:00,Oklahoma City Thunder,LA Clippers,120,108
400828870,2016-03-13 00:00:00,LA Clippers,Cleveland Cavaliers,90,114
400828888,2016-03-15 00:00:00,San Antonio Spurs,LA Clippers,108,87
400828896,2016-03-16 00:00:00,Houston Rockets,LA Clippers,106,122
400828922,2016-03-19 00:00:00,Memphis Grizzlies,LA Clippers,113,102
400828927,2016-03-20 00:00:00,New Orleans Pelicans,LA Clippers,109,105
400828959,2016-03-24 00:00:00,LA Clippers,Portland Trail Blazers,96,94
400828979,2016-03-27 00:00:00,LA Clippers,Denver Nuggets,105,90
400829003,2016-03-30 00:00:00,Minnesota Timberwolves,LA Clippers,79,99
400829013,2016-03-31 00:00:00,Oklahoma City Thunder,LA Clippers,119,117
400829034,2016-04-03 00:00:00,LA Clippers,Washington Wizards,114,109
400829051,2016-04-05 00:00:00,LA Clippers,Los Angeles Lakers,103,81
400829059,2016-04-06 00:00:00,Los Angeles Lakers,LA Clippers,81,91
400829074,2016-04-08 00:00:00,Utah Jazz,LA Clippers,99 OT,102
400829083,2016-04-10 00:00:00,LA Clippers,Dallas Mavericks,98,91
400829103,2016-04-12 00:00:00,LA Clippers,Memphis Grizzlies,110,84
400829116,2016-04-13 00:00:00,Phoenix Suns,LA Clippers,114,105
400827904,2015-10-28 00:00:00,Los Angeles Lakers,Minnesota Timberwolves,111,112
400827918,2015-10-30 00:00:00,Sacramento Kings,Los Angeles Lakers,132,114
400827932,2015-11-01 00:00:00,Los Angeles Lakers,Dallas Mavericks,93,103
400827946,2015-11-03 00:00:00,Los Angeles Lakers,Denver Nuggets,109,120
400827995,2015-11-10 00:00:00,Miami Heat,Los Angeles Lakers,101,88
400828001,2015-11-11 00:00:00,Orlando Magic,Los Angeles Lakers,101,99
400828022,2015-11-13 00:00:00,Dallas Mavericks,Los Angeles Lakers,90,82
400828038,2015-11-15 00:00:00,Los Angeles Lakers,Detroit Pistons,97,85
400828044,2015-11-16 00:00:00,Phoenix Suns,Los Angeles Lakers,120,101
400828088,2015-11-22 00:00:00,Los Angeles Lakers,Portland Trail Blazers,93,107
400828131,2015-11-28 00:00:00,Portland Trail Blazers,Los Angeles Lakers,108,96
400828140,2015-11-29 00:00:00,Los Angeles Lakers,Indiana Pacers,103,107
400828156,2015-12-02 00:00:00,Washington Wizards,Los Angeles Lakers,104,108
400828173,2015-12-04 00:00:00,Atlanta Hawks,Los Angeles Lakers,100,87
400828188,2015-12-06 00:00:00,Detroit Pistons,Los Angeles Lakers,111,91
400828212,2015-12-09 00:00:00,Minnesota Timberwolves,Los Angeles Lakers,123,122 OT
400828229,2015-12-11 00:00:00,San Antonio Spurs,Los Angeles Lakers,109,87
400828236,2015-12-12 00:00:00,Houston Rockets,Los Angeles Lakers,126,97
400828257,2015-12-15 00:00:00,Los Angeles Lakers,Milwaukee Bucks,113,95
400828272,2015-12-17 00:00:00,Los Angeles Lakers,Houston Rockets,87,107
400828285,2015-12-19 00:00:00,Oklahoma City Thunder,Los Angeles Lakers,118,78
400828309,2015-12-22 00:00:00,Denver Nuggets,Los Angeles Lakers,107,111
400828322,2015-12-23 00:00:00,Los Angeles Lakers,Oklahoma City Thunder,85,120
400828342,2015-12-27 00:00:00,Memphis Grizzlies,Los Angeles Lakers,112,96
400828345,2015-12-28 00:00:00,Charlotte Hornets,Los Angeles Lakers,108,98
400828397,2016-01-03 00:00:00,Los Angeles Lakers,Phoenix Suns,97,77
400828426,2016-01-07 00:00:00,Sacramento Kings,Los Angeles Lakers,118,115
400828436,2016-01-08 00:00:00,Los Angeles Lakers,Oklahoma City Thunder,113,117
400828452,2016-01-10 00:00:00,Los Angeles Lakers,Utah Jazz,74,86
400828463,2016-01-12 00:00:00,Los Angeles Lakers,New Orleans Pelicans,95,91
400828495,2016-01-16 00:00:00,Utah Jazz,Los Angeles Lakers,109,82
400828501,2016-01-17 00:00:00,Los Angeles Lakers,Houston Rockets,95,112
400828525,2016-01-20 00:00:00,Los Angeles Lakers,Sacramento Kings,93,112
400828540,2016-01-22 00:00:00,Los Angeles Lakers,San Antonio Spurs,95,108
400828549,2016-01-23 00:00:00,Portland Trail Blazers,Los Angeles Lakers,121,103
400828570,2016-01-26 00:00:00,Los Angeles Lakers,Dallas Mavericks,90,92
400828584,2016-01-28 00:00:00,Los Angeles Lakers,Chicago Bulls,91,114
400828607,2016-01-31 00:00:00,Los Angeles Lakers,Charlotte Hornets,82,101
400828621,2016-02-02 00:00:00,Los Angeles Lakers,Minnesota Timberwolves,119,115
400828634,2016-02-04 00:00:00,New Orleans Pelicans,Los Angeles Lakers,96,99
400828654,2016-02-06 00:00:00,San Antonio Spurs,Los Angeles Lakers,106,102
400828663,2016-02-08 00:00:00,Indiana Pacers,Los Angeles Lakers,89,87
400828682,2016-02-10 00:00:00,Cleveland Cavaliers,Los Angeles Lakers,120,111
400828705,2016-02-19 00:00:00,Los Angeles Lakers,San Antonio Spurs,113,119
400828718,2016-02-21 00:00:00,Chicago Bulls,Los Angeles Lakers,126,115
400828724,2016-02-22 00:00:00,Milwaukee Bucks,Los Angeles Lakers,108,101
400828738,2016-02-24 00:00:00,Memphis Grizzlies,Los Angeles Lakers,128,119
400828755,2016-02-26 00:00:00,Los Angeles Lakers,Memphis Grizzlies,95,112
400828793,2016-03-02 00:00:00,Denver Nuggets,Los Angeles Lakers,117,107
400828808,2016-03-04 00:00:00,Los Angeles Lakers,Atlanta Hawks,77,106
400828836,2016-03-08 00:00:00,Los Angeles Lakers,Orlando Magic,107,98
400828849,2016-03-10 00:00:00,Los Angeles Lakers,Cleveland Cavaliers,108,120
400828889,2016-03-15 00:00:00,Los Angeles Lakers,Sacramento Kings,98,106
400828914,2016-03-18 00:00:00,Los Angeles Lakers,Phoenix Suns,90,95
400828942,2016-03-22 00:00:00,Los Angeles Lakers,Memphis Grizzlies,107,100
400828952,2016-03-23 00:00:00,Phoenix Suns,Los Angeles Lakers,119,107
400828968,2016-03-25 00:00:00,Los Angeles Lakers,Denver Nuggets,105,116
400828983,2016-03-27 00:00:00,Los Angeles Lakers,Washington Wizards,88,101
400828991,2016-03-28 00:00:00,Utah Jazz,Los Angeles Lakers,123,75
400829008,2016-03-30 00:00:00,Los Angeles Lakers,Miami Heat,102,100 OT
400829071,2016-04-08 00:00:00,New Orleans Pelicans,Los Angeles Lakers,110,102
400829082,2016-04-10 00:00:00,Houston Rockets,Los Angeles Lakers,130,110
400829096,2016-04-11 00:00:00,Oklahoma City Thunder,Los Angeles Lakers,112,79
400829115,2016-04-13 00:00:00,Los Angeles Lakers,Utah Jazz,101,96
400827901,2015-10-28 00:00:00,Phoenix Suns,Dallas Mavericks,95,111
400827919,2015-10-30 00:00:00,Phoenix Suns,Portland Trail Blazers,110,92
400827924,2015-10-31 00:00:00,Portland Trail Blazers,Phoenix Suns,90,101
400827954,2015-11-04 00:00:00,Phoenix Suns,Sacramento Kings,118,97
400827969,2015-11-06 00:00:00,Phoenix Suns,Detroit Pistons,92,100
400827984,2015-11-08 00:00:00,Oklahoma City Thunder,Phoenix Suns,124,103
400828030,2015-11-14 00:00:00,Phoenix Suns,Denver Nuggets,105,81
400828061,2015-11-18 00:00:00,Phoenix Suns,Chicago Bulls,97,103
400828072,2015-11-20 00:00:00,Denver Nuggets,Phoenix Suns,107,114
400828085,2015-11-22 00:00:00,New Orleans Pelicans,Phoenix Suns,122,116
400828094,2015-11-23 00:00:00,San Antonio Spurs,Phoenix Suns,98,84
400828112,2015-11-25 00:00:00,Phoenix Suns,New Orleans Pelicans,114,120
400828157,2015-12-02 00:00:00,Detroit Pistons,Phoenix Suns,127,122 OT
400828171,2015-12-04 00:00:00,Washington Wizards,Phoenix Suns,109,106
400828186,2015-12-06 00:00:00,Memphis Grizzlies,Phoenix Suns,95,93
400828196,2015-12-07 00:00:00,Chicago Bulls,Phoenix Suns,101,103
400828213,2015-12-09 00:00:00,Phoenix Suns,Orlando Magic,107,104
400828230,2015-12-11 00:00:00,Phoenix Suns,Portland Trail Blazers,96,106
400828240,2015-12-13 00:00:00,Phoenix Suns,Minnesota Timberwolves,108,101
400828250,2015-12-14 00:00:00,Dallas Mavericks,Phoenix Suns,104,94
400828283,2015-12-18 00:00:00,Phoenix Suns,New Orleans Pelicans,104,88
400828293,2015-12-20 00:00:00,Phoenix Suns,Milwaukee Bucks,95,101
400828304,2015-12-21 00:00:00,Utah Jazz,Phoenix Suns,110,89
400828320,2015-12-23 00:00:00,Phoenix Suns,Denver Nuggets,96,104
400828353,2015-12-28 00:00:00,Phoenix Suns,Cleveland Cavaliers,97,101
400828368,2015-12-30 00:00:00,San Antonio Spurs,Phoenix Suns,112,79
400828375,2015-12-31 00:00:00,Oklahoma City Thunder,Phoenix Suns,110,106
400828383,2016-01-02 00:00:00,Sacramento Kings,Phoenix Suns,142,119
400828420,2016-01-06 00:00:00,Phoenix Suns,Charlotte Hornets,111,102
400828434,2016-01-08 00:00:00,Phoenix Suns,Miami Heat,95,103
400828456,2016-01-12 00:00:00,Indiana Pacers,Phoenix Suns,116,97
400828497,2016-01-17 00:00:00,Minnesota Timberwolves,Phoenix Suns,117,87
400828515,2016-01-19 00:00:00,Phoenix Suns,Indiana Pacers,94,97
400828531,2016-01-21 00:00:00,Phoenix Suns,San Antonio Spurs,89,117
400828547,2016-01-23 00:00:00,Phoenix Suns,Atlanta Hawks,98,95
400828571,2016-01-27 00:00:00,Cleveland Cavaliers,Phoenix Suns,115,93
400828604,2016-01-31 00:00:00,Dallas Mavericks,Phoenix Suns,91,78
400828636,2016-02-04 00:00:00,Phoenix Suns,Houston Rockets,105,111
400828655,2016-02-06 00:00:00,Phoenix Suns,Utah Jazz,89,98
400828670,2016-02-08 00:00:00,Phoenix Suns,Oklahoma City Thunder,106,122
400828701,2016-02-19 00:00:00,Phoenix Suns,Houston Rockets,100,116
400828713,2016-02-21 00:00:00,Phoenix Suns,San Antonio Spurs,111,118
400828762,2016-02-27 00:00:00,Phoenix Suns,Memphis Grizzlies,111,106
400828778,2016-03-01 00:00:00,Charlotte Hornets,Phoenix Suns,126,92
400828795,2016-03-03 00:00:00,Miami Heat,Phoenix Suns,108,92
400828800,2016-03-04 00:00:00,Orlando Magic,Phoenix Suns,84,102
400828819,2016-03-06 00:00:00,Memphis Grizzlies,Phoenix Suns,100,109
400828848,2016-03-10 00:00:00,Denver Nuggets,Phoenix Suns,116,98
400828882,2016-03-14 00:00:00,Phoenix Suns,Minnesota Timberwolves,107,104
400828906,2016-03-17 00:00:00,Utah Jazz,Phoenix Suns,103,69
400828938,2016-03-21 00:00:00,Phoenix Suns,Memphis Grizzlies,97,103
400828966,2016-03-25 00:00:00,Sacramento Kings,Phoenix Suns,116,94
400828988,2016-03-28 00:00:00,Minnesota Timberwolves,Phoenix Suns,121,116
400829002,2016-03-30 00:00:00,Milwaukee Bucks,Phoenix Suns,105,94
400829024,2016-04-01 00:00:00,Phoenix Suns,Washington Wizards,99,106
400829036,2016-04-03 00:00:00,Phoenix Suns,Utah Jazz,86,101
400829044,2016-04-05 00:00:00,Atlanta Hawks,Phoenix Suns,103,90
400829062,2016-04-07 00:00:00,Houston Rockets,Phoenix Suns,115,124
400829076,2016-04-09 00:00:00,New Orleans Pelicans,Phoenix Suns,100,121
400829098,2016-04-11 00:00:00,Phoenix Suns,Sacramento Kings,101,105
400827945,2015-11-03 00:00:00,Sacramento Kings,Memphis Grizzlies,89,103
400827971,2015-11-06 00:00:00,Sacramento Kings,Houston Rockets,110,116
400827990,2015-11-09 00:00:00,Sacramento Kings,San Antonio Spurs,88,106
400828009,2015-11-11 00:00:00,Sacramento Kings,Detroit Pistons,101,92
400828056,2015-11-18 00:00:00,Atlanta Hawks,Sacramento Kings,103,97
400828062,2015-11-19 00:00:00,Miami Heat,Sacramento Kings,116,109
400828076,2015-11-21 00:00:00,Orlando Magic,Sacramento Kings,91,97
400828089,2015-11-23 00:00:00,Charlotte Hornets,Sacramento Kings,127,122 OT
400828108,2015-11-25 00:00:00,Milwaukee Bucks,Sacramento Kings,118,129
400828124,2015-11-27 00:00:00,Sacramento Kings,Minnesota Timberwolves,91,101
400828147,2015-11-30 00:00:00,Sacramento Kings,Dallas Mavericks,112,98
400828180,2015-12-05 00:00:00,Houston Rockets,Sacramento Kings,120,113
400828190,2015-12-06 00:00:00,Oklahoma City Thunder,Sacramento Kings,98,95
400828205,2015-12-08 00:00:00,Sacramento Kings,Utah Jazz,114,106
400828256,2015-12-15 00:00:00,Sacramento Kings,Houston Rockets,107,97
400828279,2015-12-18 00:00:00,Minnesota Timberwolves,Sacramento Kings,99,95
400828297,2015-12-21 00:00:00,Washington Wizards,Sacramento Kings,113,99
400828312,2015-12-23 00:00:00,Indiana Pacers,Sacramento Kings,106,108
400828344,2015-12-27 00:00:00,Sacramento Kings,Portland Trail Blazers,94,98
400828404,2016-01-04 00:00:00,Oklahoma City Thunder,Sacramento Kings,104,116
400828410,2016-01-05 00:00:00,Dallas Mavericks,Sacramento Kings,117,116 2OT
400828472,2016-01-13 00:00:00,Sacramento Kings,New Orleans Pelicans,97,109
400828478,2016-01-14 00:00:00,Utah Jazz,Sacramento Kings,101,103
400828530,2016-01-21 00:00:00,Sacramento Kings,Atlanta Hawks,91,88
400828550,2016-01-23 00:00:00,Sacramento Kings,Indiana Pacers,108,97
400828561,2016-01-25 00:00:00,Sacramento Kings,Charlotte Hornets,128 2OT,129
400828569,2016-01-26 00:00:00,Portland Trail Blazers,Sacramento Kings,112,97
400828583,2016-01-28 00:00:00,New Orleans Pelicans,Sacramento Kings,114,105
400828599,2016-01-30 00:00:00,Memphis Grizzlies,Sacramento Kings,121,117
400828616,2016-02-01 00:00:00,Sacramento Kings,Milwaukee Bucks,111,104
400828631,2016-02-03 00:00:00,Sacramento Kings,Chicago Bulls,102,107
400828662,2016-02-08 00:00:00,Cleveland Cavaliers,Sacramento Kings,120,100
400828703,2016-02-19 00:00:00,Sacramento Kings,Denver Nuggets,116,110
400828729,2016-02-23 00:00:00,Denver Nuggets,Sacramento Kings,110,114
400828741,2016-02-24 00:00:00,Sacramento Kings,San Antonio Spurs,92,108
400828776,2016-02-29 00:00:00,Sacramento Kings,Oklahoma City Thunder,116,131
400828789,2016-03-02 00:00:00,Memphis Grizzlies,Sacramento Kings,104,98
400828797,2016-03-03 00:00:00,Dallas Mavericks,Sacramento Kings,101,104
400828815,2016-03-05 00:00:00,San Antonio Spurs,Sacramento Kings,104,94
400828828,2016-03-07 00:00:00,New Orleans Pelicans,Sacramento Kings,115,112
400828844,2016-03-09 00:00:00,Sacramento Kings,Cleveland Cavaliers,111,120
400828857,2016-03-11 00:00:00,Sacramento Kings,Orlando Magic,100,107
400828873,2016-03-13 00:00:00,Sacramento Kings,Utah Jazz,99,108
400828897,2016-03-16 00:00:00,Sacramento Kings,New Orleans Pelicans,108,123
400828909,2016-03-18 00:00:00,Detroit Pistons,Sacramento Kings,115,108
400828936,2016-03-21 00:00:00,Chicago Bulls,Sacramento Kings,109,102
400828949,2016-03-23 00:00:00,Minnesota Timberwolves,Sacramento Kings,113,104
400828982,2016-03-27 00:00:00,Sacramento Kings,Dallas Mavericks,133,111
400828992,2016-03-28 00:00:00,Portland Trail Blazers,Sacramento Kings,105,93
400829007,2016-03-30 00:00:00,Sacramento Kings,Washington Wizards,120,111
400829022,2016-04-01 00:00:00,Sacramento Kings,Miami Heat,106,112
400829028,2016-04-02 00:00:00,Denver Nuggets,Sacramento Kings,106,115
400829049,2016-04-05 00:00:00,Sacramento Kings,Portland Trail Blazers,107,115
400829063,2016-04-07 00:00:00,Sacramento Kings,Minnesota Timberwolves,97,105
400829080,2016-04-09 00:00:00,Sacramento Kings,Oklahoma City Thunder,114,112
400829111,2016-04-13 00:00:00,Houston Rockets,Sacramento Kings,116,81
400827889,2015-10-27 00:00:00,Chicago Bulls,Cleveland Cavaliers,97,95
400827912,2015-10-30 00:00:00,Detroit Pistons,Chicago Bulls,98,94 OT
400827930,2015-11-01 00:00:00,Chicago Bulls,Orlando Magic,92,87
400827940,2015-11-03 00:00:00,Charlotte Hornets,Chicago Bulls,130,105
400827957,2015-11-05 00:00:00,Chicago Bulls,Oklahoma City Thunder,104,98
400827972,2015-11-07 00:00:00,Chicago Bulls,Minnesota Timberwolves,93 OT,102
400828019,2015-11-13 00:00:00,Chicago Bulls,Charlotte Hornets,102,97
400828040,2015-11-16 00:00:00,Chicago Bulls,Indiana Pacers,96,95
400828100,2015-11-24 00:00:00,Portland Trail Blazers,Chicago Bulls,88,93
400828118,2015-11-27 00:00:00,Indiana Pacers,Chicago Bulls,104,92
400828144,2015-11-30 00:00:00,Chicago Bulls,San Antonio Spurs,92,89
400828160,2015-12-02 00:00:00,Chicago Bulls,Denver Nuggets,99,90
400828179,2015-12-05 00:00:00,Chicago Bulls,Charlotte Hornets,96,102
400828235,2015-12-12 00:00:00,Chicago Bulls,New Orleans Pelicans,98,94
400828264,2015-12-16 00:00:00,Chicago Bulls,Memphis Grizzlies,98,85
400828278,2015-12-18 00:00:00,Chicago Bulls,Detroit Pistons,144 4OT,147
400828324,2015-12-25 00:00:00,Oklahoma City Thunder,Chicago Bulls,96,105
400828336,2015-12-26 00:00:00,Dallas Mavericks,Chicago Bulls,118,111
400828365,2015-12-30 00:00:00,Chicago Bulls,Indiana Pacers,102,100 OT
400828409,2016-01-05 00:00:00,Chicago Bulls,Milwaukee Bucks,117,106
400828438,2016-01-09 00:00:00,Atlanta Hawks,Chicago Bulls,120,105
400828454,2016-01-11 00:00:00,Chicago Bulls,Washington Wizards,100,114
400828460,2016-01-12 00:00:00,Milwaukee Bucks,Chicago Bulls,106,101
400828484,2016-01-15 00:00:00,Chicago Bulls,Dallas Mavericks,77,83
400828506,2016-01-18 00:00:00,Detroit Pistons,Chicago Bulls,101,111
400828546,2016-01-23 00:00:00,Cleveland Cavaliers,Chicago Bulls,83,96
400828556,2016-01-25 00:00:00,Chicago Bulls,Miami Heat,84,89
400828615,2016-02-01 00:00:00,Utah Jazz,Chicago Bulls,105,96 OT
400828644,2016-02-05 00:00:00,Denver Nuggets,Chicago Bulls,115,110
400828653,2016-02-06 00:00:00,Minnesota Timberwolves,Chicago Bulls,112,105
400828661,2016-02-08 00:00:00,Charlotte Hornets,Chicago Bulls,108,91
400828683,2016-02-10 00:00:00,Chicago Bulls,Atlanta Hawks,90,113
400828690,2016-02-18 00:00:00,Cleveland Cavaliers,Chicago Bulls,106,95
400828737,2016-02-24 00:00:00,Chicago Bulls,Washington Wizards,109,104
400828752,2016-02-26 00:00:00,Atlanta Hawks,Chicago Bulls,103,88
400828758,2016-02-27 00:00:00,Chicago Bulls,Portland Trail Blazers,95,103
400828779,2016-03-01 00:00:00,Miami Heat,Chicago Bulls,129,111
400828784,2016-03-02 00:00:00,Orlando Magic,Chicago Bulls,102,89
400828814,2016-03-05 00:00:00,Chicago Bulls,Houston Rockets,108,100
400828827,2016-03-07 00:00:00,Chicago Bulls,Milwaukee Bucks,100,90
400828847,2016-03-10 00:00:00,San Antonio Spurs,Chicago Bulls,109,101
400828853,2016-03-11 00:00:00,Chicago Bulls,Miami Heat,96,118
400828893,2016-03-16 00:00:00,Washington Wizards,Chicago Bulls,117,96
400828921,2016-03-19 00:00:00,Chicago Bulls,Utah Jazz,92,85
400828970,2016-03-26 00:00:00,Orlando Magic,Chicago Bulls,111,89
400828986,2016-03-28 00:00:00,Chicago Bulls,Atlanta Hawks,100,102
400828994,2016-03-29 00:00:00,Indiana Pacers,Chicago Bulls,96,98
400829011,2016-03-31 00:00:00,Houston Rockets,Chicago Bulls,100,103
400829026,2016-04-02 00:00:00,Chicago Bulls,Detroit Pistons,90,94
400829037,2016-04-03 00:00:00,Milwaukee Bucks,Chicago Bulls,98,102
400829045,2016-04-05 00:00:00,Memphis Grizzlies,Chicago Bulls,108,92
400829061,2016-04-07 00:00:00,Miami Heat,Chicago Bulls,106,98
400829078,2016-04-09 00:00:00,Chicago Bulls,Cleveland Cavaliers,105,102
400829095,2016-04-11 00:00:00,New Orleans Pelicans,Chicago Bulls,116,121
400827898,2015-10-28 00:00:00,Memphis Grizzlies,Cleveland Cavaliers,76,106
400827908,2015-10-30 00:00:00,Cleveland Cavaliers,Miami Heat,102,92
400827981,2015-11-08 00:00:00,Cleveland Cavaliers,Indiana Pacers,101,97
400827993,2015-11-10 00:00:00,Cleveland Cavaliers,Utah Jazz,118,114
400828028,2015-11-14 00:00:00,Milwaukee Bucks,Cleveland Cavaliers,108,105 2OT
400828047,2015-11-17 00:00:00,Detroit Pistons,Cleveland Cavaliers,104,99
400828063,2015-11-19 00:00:00,Cleveland Cavaliers,Milwaukee Bucks,115,100
400828078,2015-11-21 00:00:00,Cleveland Cavaliers,Atlanta Hawks,109,97
400828090,2015-11-23 00:00:00,Cleveland Cavaliers,Orlando Magic,117,103
400828114,2015-11-27 00:00:00,Charlotte Hornets,Cleveland Cavaliers,90,95
400828149,2015-12-01 00:00:00,Cleveland Cavaliers,Washington Wizards,85,97
400828175,2015-12-04 00:00:00,New Orleans Pelicans,Cleveland Cavaliers,114,108 OT
400828178,2015-12-05 00:00:00,Miami Heat,Cleveland Cavaliers,99,84
400828200,2015-12-08 00:00:00,Cleveland Cavaliers,Portland Trail Blazers,105,100
400828221,2015-12-11 00:00:00,Orlando Magic,Cleveland Cavaliers,76,111
400828271,2015-12-17 00:00:00,Cleveland Cavaliers,Oklahoma City Thunder,104,100
400828340,2015-12-26 00:00:00,Portland Trail Blazers,Cleveland Cavaliers,105,76
400828360,2015-12-29 00:00:00,Denver Nuggets,Cleveland Cavaliers,87,93
400828386,2016-01-02 00:00:00,Cleveland Cavaliers,Orlando Magic,104,79
400828414,2016-01-06 00:00:00,Washington Wizards,Cleveland Cavaliers,115,121
400828430,2016-01-08 00:00:00,Minnesota Timberwolves,Cleveland Cavaliers,99,125
400828462,2016-01-12 00:00:00,Dallas Mavericks,Cleveland Cavaliers,107 OT,110
400828477,2016-01-14 00:00:00,San Antonio Spurs,Cleveland Cavaliers,99,95
400828488,2016-01-15 00:00:00,Houston Rockets,Cleveland Cavaliers,77,91
400828554,2016-01-25 00:00:00,Cleveland Cavaliers,Minnesota Timberwolves,114,107
400828586,2016-01-29 00:00:00,Detroit Pistons,Cleveland Cavaliers,106,114
400828600,2016-01-30 00:00:00,Cleveland Cavaliers,San Antonio Spurs,117,103
400828608,2016-02-01 00:00:00,Indiana Pacers,Cleveland Cavaliers,106 OT,111
400828622,2016-02-03 00:00:00,Charlotte Hornets,Cleveland Cavaliers,106,97
400828650,2016-02-06 00:00:00,Cleveland Cavaliers,New Orleans Pelicans,99,84
400828711,2016-02-21 00:00:00,Oklahoma City Thunder,Cleveland Cavaliers,92,115
400828720,2016-02-22 00:00:00,Cleveland Cavaliers,Detroit Pistons,88,96
400828732,2016-02-24 00:00:00,Cleveland Cavaliers,Charlotte Hornets,114,103
400828764,2016-02-28 00:00:00,Washington Wizards,Cleveland Cavaliers,113,99
400828771,2016-02-29 00:00:00,Cleveland Cavaliers,Indiana Pacers,100,96
400828804,2016-03-04 00:00:00,Cleveland Cavaliers,Washington Wizards,108,83
400828825,2016-03-07 00:00:00,Cleveland Cavaliers,Memphis Grizzlies,103,106
400828881,2016-03-14 00:00:00,Utah Jazz,Cleveland Cavaliers,94,85
400828892,2016-03-16 00:00:00,Cleveland Cavaliers,Dallas Mavericks,99,98
400828907,2016-03-18 00:00:00,Orlando Magic,Cleveland Cavaliers,103,109
400828920,2016-03-19 00:00:00,Miami Heat,Cleveland Cavaliers,122,101
400828931,2016-03-21 00:00:00,Cleveland Cavaliers,Denver Nuggets,124,91
400828946,2016-03-23 00:00:00,Cleveland Cavaliers,Milwaukee Bucks,113,104
400828998,2016-03-29 00:00:00,Cleveland Cavaliers,Houston Rockets,100,106
400829018,2016-04-01 00:00:00,Atlanta Hawks,Cleveland Cavaliers,108 OT,110
400829031,2016-04-03 00:00:00,Cleveland Cavaliers,Charlotte Hornets,112,103
400829046,2016-04-05 00:00:00,Milwaukee Bucks,Cleveland Cavaliers,80,109
400829052,2016-04-06 00:00:00,Indiana Pacers,Cleveland Cavaliers,123,109
400829090,2016-04-11 00:00:00,Cleveland Cavaliers,Atlanta Hawks,109,94
400829107,2016-04-13 00:00:00,Cleveland Cavaliers,Detroit Pistons,110 OT,112
400827888,2015-10-27 00:00:00,Atlanta Hawks,Detroit Pistons,94,106
400827894,2015-10-28 00:00:00,Detroit Pistons,Utah Jazz,92,87
400827941,2015-11-03 00:00:00,Detroit Pistons,Indiana Pacers,82,94
400827985,2015-11-08 00:00:00,Portland Trail Blazers,Detroit Pistons,103,120
400828068,2015-11-20 00:00:00,Minnesota Timberwolves,Detroit Pistons,86,96
400828079,2015-11-21 00:00:00,Detroit Pistons,Washington Wizards,95,97
400828092,2015-11-23 00:00:00,Milwaukee Bucks,Detroit Pistons,109,88
400828105,2015-11-25 00:00:00,Detroit Pistons,Miami Heat,104,81
400828121,2015-11-27 00:00:00,Oklahoma City Thunder,Detroit Pistons,103,87
400828141,2015-11-30 00:00:00,Detroit Pistons,Houston Rockets,116,105
400828172,2015-12-04 00:00:00,Detroit Pistons,Milwaukee Bucks,102,95
400828191,2015-12-07 00:00:00,Charlotte Hornets,Detroit Pistons,104,84
400828209,2015-12-09 00:00:00,Detroit Pistons,Memphis Grizzlies,92,93
400828233,2015-12-12 00:00:00,Detroit Pistons,Indiana Pacers,118,96
400828307,2015-12-22 00:00:00,Miami Heat,Detroit Pistons,92,93
400828316,2015-12-23 00:00:00,Atlanta Hawks,Detroit Pistons,107,100
400828373,2015-12-31 00:00:00,Detroit Pistons,Minnesota Timberwolves,115,90
400828385,2016-01-02 00:00:00,Indiana Pacers,Detroit Pistons,94,82
400828401,2016-01-04 00:00:00,Detroit Pistons,Orlando Magic,115,89
400828457,2016-01-12 00:00:00,Detroit Pistons,San Antonio Spurs,99,109
400828476,2016-01-14 00:00:00,Memphis Grizzlies,Detroit Pistons,103,101
400828522,2016-01-20 00:00:00,Houston Rockets,Detroit Pistons,114,123
400828528,2016-01-21 00:00:00,New Orleans Pelicans,Detroit Pistons,115,99
400828548,2016-01-23 00:00:00,Denver Nuggets,Detroit Pistons,104,101
400828560,2016-01-25 00:00:00,Utah Jazz,Detroit Pistons,92,95
400828649,2016-02-06 00:00:00,Indiana Pacers,Detroit Pistons,112,104
400828681,2016-02-10 00:00:00,Detroit Pistons,Denver Nuggets,92,103
400828693,2016-02-19 00:00:00,Washington Wizards,Detroit Pistons,98,86
400828710,2016-02-21 00:00:00,Detroit Pistons,New Orleans Pelicans,106,111
400828760,2016-02-27 00:00:00,Milwaukee Bucks,Detroit Pistons,91,102
400828792,2016-03-02 00:00:00,San Antonio Spurs,Detroit Pistons,97,81
400828821,2016-03-06 00:00:00,Detroit Pistons,Portland Trail Blazers,123,103
400828841,2016-03-09 00:00:00,Dallas Mavericks,Detroit Pistons,96,102
400828850,2016-03-11 00:00:00,Charlotte Hornets,Detroit Pistons,118,103
400828876,2016-03-14 00:00:00,Washington Wizards,Detroit Pistons,124,81
400828894,2016-03-16 00:00:00,Detroit Pistons,Atlanta Hawks,114,118
400828934,2016-03-21 00:00:00,Detroit Pistons,Milwaukee Bucks,92,91
400828945,2016-03-23 00:00:00,Detroit Pistons,Orlando Magic,118,102
400828961,2016-03-25 00:00:00,Detroit Pistons,Charlotte Hornets,112,105
400828972,2016-03-26 00:00:00,Detroit Pistons,Atlanta Hawks,95,112
400828997,2016-03-29 00:00:00,Detroit Pistons,Oklahoma City Thunder,88,82
400829016,2016-04-01 00:00:00,Detroit Pistons,Dallas Mavericks,89,98
400829042,2016-04-05 00:00:00,Miami Heat,Detroit Pistons,107,89
400829053,2016-04-06 00:00:00,Orlando Magic,Detroit Pistons,104,108
400829069,2016-04-08 00:00:00,Detroit Pistons,Washington Wizards,112,99
400829100,2016-04-12 00:00:00,Detroit Pistons,Miami Heat,93,99
400827905,2015-10-29 00:00:00,Indiana Pacers,Memphis Grizzlies,103,112
400827920,2015-10-31 00:00:00,Indiana Pacers,Utah Jazz,76,97
400827967,2015-11-06 00:00:00,Indiana Pacers,Miami Heat,90,87
400827986,2015-11-09 00:00:00,Indiana Pacers,Orlando Magic,97,84
400828014,2015-11-13 00:00:00,Indiana Pacers,Minnesota Timberwolves,107,103
400828077,2015-11-21 00:00:00,Indiana Pacers,Milwaukee Bucks,123,86
400828096,2015-11-24 00:00:00,Washington Wizards,Indiana Pacers,106,123
400828168,2015-12-03 00:00:00,Portland Trail Blazers,Indiana Pacers,123,111
400828184,2015-12-05 00:00:00,Utah Jazz,Indiana Pacers,122,119 OT
400828220,2015-12-11 00:00:00,Indiana Pacers,Miami Heat,96,83
400828258,2015-12-16 00:00:00,Indiana Pacers,Dallas Mavericks,107,81
400828289,2015-12-19 00:00:00,Memphis Grizzlies,Indiana Pacers,96,84
400828303,2015-12-21 00:00:00,San Antonio Spurs,Indiana Pacers,106,92
400828335,2015-12-26 00:00:00,Minnesota Timberwolves,Indiana Pacers,88,102
400828346,2015-12-28 00:00:00,Indiana Pacers,Atlanta Hawks,93,87
400828371,2015-12-31 00:00:00,Indiana Pacers,Milwaukee Bucks,116,120
400828402,2016-01-04 00:00:00,Miami Heat,Indiana Pacers,103,100 OT
400828413,2016-01-06 00:00:00,Orlando Magic,Indiana Pacers,86,95
400828431,2016-01-08 00:00:00,New Orleans Pelicans,Indiana Pacers,86,91
400828448,2016-01-10 00:00:00,Houston Rockets,Indiana Pacers,107,103 OT
400828480,2016-01-15 00:00:00,Indiana Pacers,Washington Wizards,104,118
400828500,2016-01-17 00:00:00,Denver Nuggets,Indiana Pacers,129,126
400828579,2016-01-28 00:00:00,Indiana Pacers,Atlanta Hawks,111,92
400828596,2016-01-30 00:00:00,Indiana Pacers,Denver Nuggets,109,105 OT
400828637,2016-02-05 00:00:00,Atlanta Hawks,Indiana Pacers,102,96
400828676,2016-02-10 00:00:00,Indiana Pacers,Charlotte Hornets,95,117
400828699,2016-02-19 00:00:00,Oklahoma City Thunder,Indiana Pacers,98,101
400828715,2016-02-21 00:00:00,Orlando Magic,Indiana Pacers,102,105
400828721,2016-02-22 00:00:00,Miami Heat,Indiana Pacers,101,93 OT
400828748,2016-02-26 00:00:00,Indiana Pacers,Charlotte Hornets,95,96
400828767,2016-02-28 00:00:00,Indiana Pacers,Portland Trail Blazers,102,111
400828790,2016-03-02 00:00:00,Milwaukee Bucks,Indiana Pacers,99,104
400828799,2016-03-04 00:00:00,Charlotte Hornets,Indiana Pacers,108,101
400828811,2016-03-05 00:00:00,Washington Wizards,Indiana Pacers,99,100
400828826,2016-03-07 00:00:00,Indiana Pacers,San Antonio Spurs,99,91
400828860,2016-03-12 00:00:00,Dallas Mavericks,Indiana Pacers,105,112
400828871,2016-03-13 00:00:00,Atlanta Hawks,Indiana Pacers,104,75
400828918,2016-03-19 00:00:00,Indiana Pacers,Oklahoma City Thunder,111,115
400828955,2016-03-24 00:00:00,Indiana Pacers,New Orleans Pelicans,92,84
400828980,2016-03-27 00:00:00,Indiana Pacers,Houston Rockets,104,101
400829010,2016-03-31 00:00:00,Indiana Pacers,Orlando Magic,94,114
400829112,2016-04-13 00:00:00,Milwaukee Bucks,Indiana Pacers,92,97
400827914,2015-10-30 00:00:00,Milwaukee Bucks,Washington Wizards,113,118
400828008,2015-11-11 00:00:00,Denver Nuggets,Milwaukee Bucks,103,102
400828045,2015-11-17 00:00:00,Washington Wizards,Milwaukee Bucks,115,86
400828115,2015-11-27 00:00:00,Orlando Magic,Milwaukee Bucks,114,90
400828133,2015-11-29 00:00:00,Charlotte Hornets,Milwaukee Bucks,87,82
400828145,2015-11-30 00:00:00,Milwaukee Bucks,Denver Nuggets,92,74
400828162,2015-12-02 00:00:00,San Antonio Spurs,Milwaukee Bucks,95,70
400828197,2015-12-07 00:00:00,Milwaukee Bucks,Portland Trail Blazers,90,88
400828351,2015-12-28 00:00:00,Dallas Mavericks,Milwaukee Bucks,103,93
400828359,2015-12-29 00:00:00,Oklahoma City Thunder,Milwaukee Bucks,131,123
400828387,2016-01-02 00:00:00,Minnesota Timberwolves,Milwaukee Bucks,85,95
400828403,2016-01-04 00:00:00,Milwaukee Bucks,San Antonio Spurs,98,123
400828432,2016-01-08 00:00:00,Milwaukee Bucks,Dallas Mavericks,96,95
400828465,2016-01-13 00:00:00,Washington Wizards,Milwaukee Bucks,106,101
400828486,2016-01-15 00:00:00,Milwaukee Bucks,Atlanta Hawks,108,101 OT
400828490,2016-01-16 00:00:00,Charlotte Hornets,Milwaukee Bucks,92,105
400828512,2016-01-19 00:00:00,Miami Heat,Milwaukee Bucks,79,91
400828537,2016-01-22 00:00:00,Houston Rockets,Milwaukee Bucks,102,98
400828544,2016-01-23 00:00:00,New Orleans Pelicans,Milwaukee Bucks,116,99
400828568,2016-01-26 00:00:00,Milwaukee Bucks,Orlando Magic,107,100
400828582,2016-01-28 00:00:00,Memphis Grizzlies,Milwaukee Bucks,103,83
400828590,2016-01-29 00:00:00,Milwaukee Bucks,Miami Heat,103,107
400828620,2016-02-02 00:00:00,Portland Trail Blazers,Milwaukee Bucks,107,95
400828645,2016-02-05 00:00:00,Utah Jazz,Milwaukee Bucks,84,81
400828688,2016-02-11 00:00:00,Milwaukee Bucks,Washington Wizards,99,92
400828700,2016-02-19 00:00:00,Milwaukee Bucks,Charlotte Hornets,95,98
400828706,2016-02-20 00:00:00,Atlanta Hawks,Milwaukee Bucks,109 2OT,117
400828774,2016-02-29 00:00:00,Milwaukee Bucks,Houston Rockets,128,121
400828806,2016-03-04 00:00:00,Milwaukee Bucks,Minnesota Timberwolves,116,101
400828817,2016-03-06 00:00:00,Milwaukee Bucks,Oklahoma City Thunder,96,104
400828839,2016-03-09 00:00:00,Milwaukee Bucks,Miami Heat,114,108
400828865,2016-03-12 00:00:00,Milwaukee Bucks,New Orleans Pelicans,103,92
400828904,2016-03-17 00:00:00,Milwaukee Bucks,Memphis Grizzlies,96,86
400828928,2016-03-20 00:00:00,Milwaukee Bucks,Utah Jazz,85,94
400828963,2016-03-25 00:00:00,Atlanta Hawks,Milwaukee Bucks,101,90
400828976,2016-03-26 00:00:00,Milwaukee Bucks,Charlotte Hornets,91,115
400829020,2016-04-01 00:00:00,Milwaukee Bucks,Orlando Magic,113,110
400829091,2016-04-11 00:00:00,Orlando Magic,Milwaukee Bucks,107,98
400827959,2015-11-05 00:00:00,Dallas Mavericks,Charlotte Hornets,94,108
400827975,2015-11-07 00:00:00,Dallas Mavericks,New Orleans Pelicans,107,98
400827999,2015-11-10 00:00:00,New Orleans Pelicans,Dallas Mavericks,120,105
400828027,2015-11-14 00:00:00,Houston Rockets,Dallas Mavericks,98,110
400828071,2015-11-20 00:00:00,Dallas Mavericks,Utah Jazz,102,93
400828086,2015-11-22 00:00:00,Oklahoma City Thunder,Dallas Mavericks,117,114
400828098,2015-11-24 00:00:00,Memphis Grizzlies,Dallas Mavericks,110,96
400828111,2015-11-25 00:00:00,San Antonio Spurs,Dallas Mavericks,88,83
400828128,2015-11-28 00:00:00,Dallas Mavericks,Denver Nuggets,92,81
400828154,2015-12-01 00:00:00,Portland Trail Blazers,Dallas Mavericks,112 OT,115
400828174,2015-12-04 00:00:00,Dallas Mavericks,Houston Rockets,96,100
400828189,2015-12-06 00:00:00,Washington Wizards,Dallas Mavericks,104,116
400828215,2015-12-09 00:00:00,Dallas Mavericks,Atlanta Hawks,95,98
400828237,2015-12-12 00:00:00,Dallas Mavericks,Washington Wizards,111,114
400828281,2015-12-18 00:00:00,Dallas Mavericks,Memphis Grizzlies,97,88
400828378,2016-01-01 00:00:00,Miami Heat,Dallas Mavericks,106,82
400828388,2016-01-02 00:00:00,Dallas Mavericks,New Orleans Pelicans,98,105
400828418,2016-01-06 00:00:00,New Orleans Pelicans,Dallas Mavericks,91,100
400828444,2016-01-10 00:00:00,Minnesota Timberwolves,Dallas Mavericks,87,93
400828469,2016-01-13 00:00:00,Oklahoma City Thunder,Dallas Mavericks,108,89
400828499,2016-01-17 00:00:00,San Antonio Spurs,Dallas Mavericks,112,83
400828524,2016-01-20 00:00:00,Dallas Mavericks,Minnesota Timberwolves,106,94 OT
400828538,2016-01-22 00:00:00,Dallas Mavericks,Oklahoma City Thunder,106,109
400828552,2016-01-24 00:00:00,Houston Rockets,Dallas Mavericks,115,104
400828610,2016-02-01 00:00:00,Atlanta Hawks,Dallas Mavericks,112,97
400828628,2016-02-03 00:00:00,Dallas Mavericks,Miami Heat,90,93
400828646,2016-02-05 00:00:00,Dallas Mavericks,San Antonio Spurs,90,116
400828652,2016-02-06 00:00:00,Memphis Grizzlies,Dallas Mavericks,110 OT,114
400828674,2016-02-09 00:00:00,Dallas Mavericks,Utah Jazz,119 OT,121
400828692,2016-02-19 00:00:00,Orlando Magic,Dallas Mavericks,110,104 OT
400828739,2016-02-24 00:00:00,Dallas Mavericks,Oklahoma City Thunder,103,116
400828753,2016-02-26 00:00:00,Dallas Mavericks,Denver Nuggets,122,116 OT
400828769,2016-02-28 00:00:00,Dallas Mavericks,Minnesota Timberwolves,128,101
400828781,2016-03-01 00:00:00,Dallas Mavericks,Orlando Magic,121,108
400828820,2016-03-06 00:00:00,Denver Nuggets,Dallas Mavericks,116,114 OT
400828875,2016-03-14 00:00:00,Charlotte Hornets,Dallas Mavericks,96,107
400828924,2016-03-20 00:00:00,Dallas Mavericks,Portland Trail Blazers,132,120 OT
400828954,2016-03-23 00:00:00,Portland Trail Blazers,Dallas Mavericks,109,103
400828990,2016-03-28 00:00:00,Denver Nuggets,Dallas Mavericks,88,97
400829033,2016-04-03 00:00:00,Minnesota Timberwolves,Dallas Mavericks,78,88
400829057,2016-04-06 00:00:00,Dallas Mavericks,Houston Rockets,88,86
400829072,2016-04-08 00:00:00,Dallas Mavericks,Memphis Grizzlies,103,93
400829097,2016-04-11 00:00:00,Utah Jazz,Dallas Mavericks,92,101
400829110,2016-04-13 00:00:00,Dallas Mavericks,San Antonio Spurs,91,96
400827897,2015-10-28 00:00:00,Houston Rockets,Denver Nuggets,85,105
400827928,2015-11-01 00:00:00,Miami Heat,Houston Rockets,109,89
400827936,2015-11-02 00:00:00,Houston Rockets,Oklahoma City Thunder,110,105
400827951,2015-11-04 00:00:00,Houston Rockets,Orlando Magic,119,114 OT
400828023,2015-11-13 00:00:00,Denver Nuggets,Houston Rockets,107,98
400828057,2015-11-18 00:00:00,Houston Rockets,Portland Trail Blazers,108,103 OT
400828067,2015-11-20 00:00:00,Memphis Grizzlies,Houston Rockets,96,84
400828107,2015-11-25 00:00:00,Houston Rockets,Memphis Grizzlies,93,102
400828161,2015-12-02 00:00:00,Houston Rockets,New Orleans Pelicans,108,101
400828208,2015-12-09 00:00:00,Washington Wizards,Houston Rockets,103,109
400828252,2015-12-14 00:00:00,Denver Nuggets,Houston Rockets,114,108
400828302,2015-12-21 00:00:00,Houston Rockets,Charlotte Hornets,102,95
400828313,2015-12-23 00:00:00,Orlando Magic,Houston Rockets,104,101
400828326,2015-12-25 00:00:00,Houston Rockets,San Antonio Spurs,88,84
400828332,2015-12-26 00:00:00,New Orleans Pelicans,Houston Rockets,110,108
400828357,2015-12-29 00:00:00,Houston Rockets,Atlanta Hawks,115,121
400828389,2016-01-02 00:00:00,San Antonio Spurs,Houston Rockets,121,103
400828405,2016-01-04 00:00:00,Utah Jazz,Houston Rockets,91,93
400828425,2016-01-07 00:00:00,Houston Rockets,Utah Jazz,103,94
400828459,2016-01-12 00:00:00,Memphis Grizzlies,Houston Rockets,91,107
400828468,2016-01-13 00:00:00,Houston Rockets,Minnesota Timberwolves,107,104
400828558,2016-01-25 00:00:00,New Orleans Pelicans,Houston Rockets,111,112
400828576,2016-01-27 00:00:00,San Antonio Spurs,Houston Rockets,130,99
400828588,2016-01-29 00:00:00,Oklahoma City Thunder,Houston Rockets,116,108
400828598,2016-01-30 00:00:00,Houston Rockets,Washington Wizards,122,123
400828618,2016-02-02 00:00:00,Houston Rockets,Miami Heat,115,102
400828647,2016-02-06 00:00:00,Houston Rockets,Portland Trail Blazers,79,96
400828687,2016-02-10 00:00:00,Portland Trail Blazers,Houston Rockets,116,103
400828730,2016-02-23 00:00:00,Utah Jazz,Houston Rockets,117,114 OT
400828746,2016-02-25 00:00:00,Portland Trail Blazers,Houston Rockets,105,119
400828759,2016-02-27 00:00:00,Houston Rockets,San Antonio Spurs,94,104
400828788,2016-03-02 00:00:00,Houston Rockets,New Orleans Pelicans,100,95
400828862,2016-03-12 00:00:00,Charlotte Hornets,Houston Rockets,125,109
400828879,2016-03-14 00:00:00,Houston Rockets,Memphis Grizzlies,130,81
400828911,2016-03-18 00:00:00,Houston Rockets,Minnesota Timberwolves,116,111
400828916,2016-03-19 00:00:00,Atlanta Hawks,Houston Rockets,109,97
400828941,2016-03-22 00:00:00,Oklahoma City Thunder,Houston Rockets,111,107
400828948,2016-03-23 00:00:00,Houston Rockets,Utah Jazz,87,89
400829032,2016-04-03 00:00:00,Houston Rockets,Oklahoma City Thunder,118,110
400829094,2016-04-11 00:00:00,Minnesota Timberwolves,Houston Rockets,105,129
400827961,2015-11-05 00:00:00,Portland Trail Blazers,Memphis Grizzlies,115,96
400827978,2015-11-07 00:00:00,Utah Jazz,Memphis Grizzlies,89,79
400828020,2015-11-13 00:00:00,Memphis Grizzlies,Portland Trail Blazers,101,100
400828033,2015-11-15 00:00:00,Minnesota Timberwolves,Memphis Grizzlies,106,114
400828042,2015-11-16 00:00:00,Memphis Grizzlies,Oklahoma City Thunder,122,114
400828082,2015-11-21 00:00:00,San Antonio Spurs,Memphis Grizzlies,92,82
400828120,2015-11-27 00:00:00,Memphis Grizzlies,Atlanta Hawks,101,116
400828153,2015-12-01 00:00:00,New Orleans Pelicans,Memphis Grizzlies,104,113
400828167,2015-12-03 00:00:00,Memphis Grizzlies,San Antonio Spurs,83,103
400828203,2015-12-08 00:00:00,Memphis Grizzlies,Oklahoma City Thunder,88,125
400828225,2015-12-11 00:00:00,Memphis Grizzlies,Charlotte Hornets,99,123
400828241,2015-12-13 00:00:00,Miami Heat,Memphis Grizzlies,100,97
400828249,2015-12-14 00:00:00,Memphis Grizzlies,Washington Wizards,112,95
400828314,2015-12-23 00:00:00,Washington Wizards,Memphis Grizzlies,100,91
400828330,2015-12-26 00:00:00,Charlotte Hornets,Memphis Grizzlies,98,92
400828358,2015-12-29 00:00:00,Memphis Grizzlies,Miami Heat,99,90 OT
400828390,2016-01-02 00:00:00,Utah Jazz,Memphis Grizzlies,92,87 OT
400828406,2016-01-04 00:00:00,Portland Trail Blazers,Memphis Grizzlies,78,91
400828421,2016-01-06 00:00:00,Oklahoma City Thunder,Memphis Grizzlies,112,94
400828429,2016-01-08 00:00:00,Memphis Grizzlies,Denver Nuggets,91,84
400828505,2016-01-18 00:00:00,Memphis Grizzlies,New Orleans Pelicans,101,99
400828529,2016-01-21 00:00:00,Denver Nuggets,Memphis Grizzlies,101,102
400828545,2016-01-23 00:00:00,Minnesota Timberwolves,Memphis Grizzlies,106,101
400828557,2016-01-25 00:00:00,Memphis Grizzlies,Orlando Magic,108,102 OT
400828611,2016-02-01 00:00:00,New Orleans Pelicans,Memphis Grizzlies,95,110
400828668,2016-02-08 00:00:00,Memphis Grizzlies,Portland Trail Blazers,106 OT,112
400828697,2016-02-19 00:00:00,Memphis Grizzlies,Minnesota Timberwolves,109,104
400828775,2016-02-29 00:00:00,Denver Nuggets,Memphis Grizzlies,96,103
400828805,2016-03-04 00:00:00,Memphis Grizzlies,Utah Jazz,94,88
400828854,2016-03-11 00:00:00,Memphis Grizzlies,New Orleans Pelicans,121,114 OT
400828861,2016-03-12 00:00:00,Atlanta Hawks,Memphis Grizzlies,95,83
400828895,2016-03-16 00:00:00,Memphis Grizzlies,Minnesota Timberwolves,108,114
400828965,2016-03-25 00:00:00,San Antonio Spurs,Memphis Grizzlies,110,104
400828987,2016-03-28 00:00:00,Memphis Grizzlies,San Antonio Spurs,87,101
400829001,2016-03-30 00:00:00,Memphis Grizzlies,Denver Nuggets,105,109
400829035,2016-04-03 00:00:00,Orlando Magic,Memphis Grizzlies,119,107
400827902,2015-10-28 00:00:00,Portland Trail Blazers,New Orleans Pelicans,112,94
400827943,2015-11-03 00:00:00,New Orleans Pelicans,Orlando Magic,94,103
400827968,2015-11-06 00:00:00,New Orleans Pelicans,Atlanta Hawks,115,121
400828004,2015-11-11 00:00:00,Atlanta Hawks,New Orleans Pelicans,106,98
400828050,2015-11-17 00:00:00,New Orleans Pelicans,Denver Nuggets,98,115
400828058,2015-11-18 00:00:00,Oklahoma City Thunder,New Orleans Pelicans,110,103
400828069,2015-11-20 00:00:00,New Orleans Pelicans,San Antonio Spurs,104,90
400828130,2015-11-28 00:00:00,Utah Jazz,New Orleans Pelicans,101,87
400828226,2015-12-11 00:00:00,New Orleans Pelicans,Washington Wizards,107,105
400828253,2015-12-14 00:00:00,Portland Trail Blazers,New Orleans Pelicans,105,101
400828267,2015-12-16 00:00:00,Utah Jazz,New Orleans Pelicans,94,104
400828296,2015-12-20 00:00:00,Denver Nuggets,New Orleans Pelicans,125,130
400828319,2015-12-23 00:00:00,New Orleans Pelicans,Portland Trail Blazers,115,89
400828323,2015-12-25 00:00:00,Miami Heat,New Orleans Pelicans,94,88 OT
400828347,2015-12-28 00:00:00,Orlando Magic,New Orleans Pelicans,104,89
400828485,2016-01-15 00:00:00,New Orleans Pelicans,Charlotte Hornets,109,107
400828513,2016-01-19 00:00:00,New Orleans Pelicans,Minnesota Timberwolves,114,99
400828629,2016-02-03 00:00:00,San Antonio Spurs,New Orleans Pelicans,110,97
400828669,2016-02-08 00:00:00,Minnesota Timberwolves,New Orleans Pelicans,102,116
400828685,2016-02-10 00:00:00,New Orleans Pelicans,Utah Jazz,100,96
400828689,2016-02-11 00:00:00,Oklahoma City Thunder,New Orleans Pelicans,121,95
400828728,2016-02-23 00:00:00,Washington Wizards,New Orleans Pelicans,109,89
400828744,2016-02-25 00:00:00,New Orleans Pelicans,Oklahoma City Thunder,123,119
400828757,2016-02-27 00:00:00,New Orleans Pelicans,Minnesota Timberwolves,110,112
400828796,2016-03-03 00:00:00,New Orleans Pelicans,San Antonio Spurs,86,94
400828812,2016-03-05 00:00:00,New Orleans Pelicans,Utah Jazz,94,106
400828837,2016-03-09 00:00:00,Charlotte Hornets,New Orleans Pelicans,122,113
400828912,2016-03-18 00:00:00,New Orleans Pelicans,Portland Trail Blazers,112,117
400828940,2016-03-22 00:00:00,New Orleans Pelicans,Miami Heat,99,113
400829005,2016-03-30 00:00:00,San Antonio Spurs,New Orleans Pelicans,100,92
400829012,2016-03-31 00:00:00,New Orleans Pelicans,Denver Nuggets,101,95
400829113,2016-04-13 00:00:00,Minnesota Timberwolves,New Orleans Pelicans,144,109
400827900,2015-10-28 00:00:00,Oklahoma City Thunder,San Antonio Spurs,112,106
400827948,2015-11-04 00:00:00,Washington Wizards,San Antonio Spurs,102,99
400827977,2015-11-07 00:00:00,San Antonio Spurs,Charlotte Hornets,114,94
400828010,2015-11-11 00:00:00,Portland Trail Blazers,San Antonio Spurs,101,113
400828043,2015-11-16 00:00:00,San Antonio Spurs,Portland Trail Blazers,93,80
400828059,2015-11-18 00:00:00,San Antonio Spurs,Denver Nuggets,109,98
400828122,2015-11-27 00:00:00,Denver Nuggets,San Antonio Spurs,80,91
400828129,2015-11-28 00:00:00,San Antonio Spurs,Atlanta Hawks,108,88
400828234,2015-12-12 00:00:00,Atlanta Hawks,San Antonio Spurs,78,103
400828251,2015-12-14 00:00:00,San Antonio Spurs,Utah Jazz,118,81
400828266,2015-12-16 00:00:00,San Antonio Spurs,Washington Wizards,114,95
400828318,2015-12-23 00:00:00,Minnesota Timberwolves,San Antonio Spurs,83,108
400828337,2015-12-26 00:00:00,San Antonio Spurs,Denver Nuggets,101,86
400828352,2015-12-28 00:00:00,San Antonio Spurs,Minnesota Timberwolves,101,95
400828419,2016-01-06 00:00:00,San Antonio Spurs,Utah Jazz,123,98
400828613,2016-02-01 00:00:00,San Antonio Spurs,Orlando Magic,107,92
400828671,2016-02-09 00:00:00,Miami Heat,San Antonio Spurs,101,119
400828677,2016-02-10 00:00:00,Orlando Magic,San Antonio Spurs,96,98
400828747,2016-02-25 00:00:00,Utah Jazz,San Antonio Spurs,78,96
400828832,2016-03-08 00:00:00,Minnesota Timberwolves,San Antonio Spurs,91,116
400828866,2016-03-12 00:00:00,San Antonio Spurs,Oklahoma City Thunder,93,85
400828905,2016-03-17 00:00:00,San Antonio Spurs,Portland Trail Blazers,118,110
400828930,2016-03-21 00:00:00,Charlotte Hornets,San Antonio Spurs,91,88
400828950,2016-03-23 00:00:00,San Antonio Spurs,Miami Heat,112,88
400828975,2016-03-26 00:00:00,Oklahoma City Thunder,San Antonio Spurs,111,92
400829048,2016-04-05 00:00:00,Utah Jazz,San Antonio Spurs,86,88
400829073,2016-04-08 00:00:00,Denver Nuggets,San Antonio Spurs,102,98
400829102,2016-04-12 00:00:00,San Antonio Spurs,Oklahoma City Thunder,102,98 OT
400827913,2015-10-30 00:00:00,Atlanta Hawks,Charlotte Hornets,97,94
400827926,2015-11-01 00:00:00,Charlotte Hornets,Atlanta Hawks,92,94
400827942,2015-11-03 00:00:00,Miami Heat,Atlanta Hawks,92,98
400827973,2015-11-07 00:00:00,Atlanta Hawks,Washington Wizards,114,99
400827988,2015-11-09 00:00:00,Atlanta Hawks,Minnesota Timberwolves,107,117
400828035,2015-11-15 00:00:00,Atlanta Hawks,Utah Jazz,96,97
400828109,2015-11-25 00:00:00,Minnesota Timberwolves,Atlanta Hawks,99,95
400828143,2015-11-30 00:00:00,Atlanta Hawks,Oklahoma City Thunder,106,100
400828218,2015-12-10 00:00:00,Oklahoma City Thunder,Atlanta Hawks,107,94
400828247,2015-12-14 00:00:00,Atlanta Hawks,Miami Heat,88,100
400828294,2015-12-20 00:00:00,Orlando Magic,Atlanta Hawks,100,103
400828300,2015-12-21 00:00:00,Atlanta Hawks,Portland Trail Blazers,106,97
400828464,2016-01-13 00:00:00,Charlotte Hornets,Atlanta Hawks,107,84
400828507,2016-01-18 00:00:00,Atlanta Hawks,Orlando Magic,98,81
400828526,2016-01-20 00:00:00,Portland Trail Blazers,Atlanta Hawks,98,104
400828559,2016-01-25 00:00:00,Denver Nuggets,Atlanta Hawks,105,119
400828602,2016-01-31 00:00:00,Miami Heat,Atlanta Hawks,105,87
400828658,2016-02-07 00:00:00,Orlando Magic,Atlanta Hawks,96,94
400828667,2016-02-08 00:00:00,Atlanta Hawks,Orlando Magic,110 OT,117
400828695,2016-02-19 00:00:00,Atlanta Hawks,Miami Heat,111,115
400828765,2016-02-28 00:00:00,Atlanta Hawks,Charlotte Hornets,87,76
400828834,2016-03-08 00:00:00,Utah Jazz,Atlanta Hawks,84,91
400828902,2016-03-17 00:00:00,Atlanta Hawks,Denver Nuggets,116,98
400828935,2016-03-21 00:00:00,Atlanta Hawks,Washington Wizards,102,117
400828943,2016-03-23 00:00:00,Washington Wizards,Atlanta Hawks,101,122
400829108,2016-04-13 00:00:00,Washington Wizards,Atlanta Hawks,109,98
400827895,2015-10-28 00:00:00,Miami Heat,Charlotte Hornets,104,94
400827998,2015-11-10 00:00:00,Minnesota Timberwolves,Charlotte Hornets,95,104
400828034,2015-11-15 00:00:00,Charlotte Hornets,Portland Trail Blazers,106,94
400828102,2015-11-25 00:00:00,Charlotte Hornets,Washington Wizards,101,87
400828207,2015-12-09 00:00:00,Charlotte Hornets,Miami Heat,99,81
400828259,2015-12-16 00:00:00,Orlando Magic,Charlotte Hornets,113,98
400828286,2015-12-19 00:00:00,Washington Wizards,Charlotte Hornets,109,101
400828384,2016-01-02 00:00:00,Charlotte Hornets,Oklahoma City Thunder,90,109
400828450,2016-01-10 00:00:00,Denver Nuggets,Charlotte Hornets,95,92
400828503,2016-01-18 00:00:00,Charlotte Hornets,Utah Jazz,124,119 2OT
400828523,2016-01-20 00:00:00,Oklahoma City Thunder,Charlotte Hornets,109,95
400828532,2016-01-22 00:00:00,Orlando Magic,Charlotte Hornets,116 OT,120
400828577,2016-01-27 00:00:00,Utah Jazz,Charlotte Hornets,102,73
400828592,2016-01-29 00:00:00,Portland Trail Blazers,Charlotte Hornets,109,91
400828638,2016-02-05 00:00:00,Charlotte Hornets,Miami Heat,95,98
400828648,2016-02-06 00:00:00,Charlotte Hornets,Washington Wizards,108,104
400828824,2016-03-07 00:00:00,Charlotte Hornets,Minnesota Timberwolves,108,103
400828891,2016-03-16 00:00:00,Charlotte Hornets,Orlando Magic,107,99
400828901,2016-03-17 00:00:00,Miami Heat,Charlotte Hornets,106,109
400828915,2016-03-19 00:00:00,Charlotte Hornets,Denver Nuggets,93,101
400829081,2016-04-10 00:00:00,Washington Wizards,Charlotte Hornets,113,98
400829106,2016-04-13 00:00:00,Charlotte Hornets,Orlando Magic,117,103
400827958,2015-11-05 00:00:00,Minnesota Timberwolves,Miami Heat,84,96
400828011,2015-11-12 00:00:00,Miami Heat,Utah Jazz,92,91
400828048,2015-11-17 00:00:00,Miami Heat,Minnesota Timberwolves,91,103
400828164,2015-12-03 00:00:00,Miami Heat,Oklahoma City Thunder,97,95
400828193,2015-12-07 00:00:00,Miami Heat,Washington Wizards,103,114
400828291,2015-12-20 00:00:00,Miami Heat,Portland Trail Blazers,116,109
400828331,2015-12-26 00:00:00,Orlando Magic,Miami Heat,101,108
400828395,2016-01-03 00:00:00,Washington Wizards,Miami Heat,75,97
400828442,2016-01-09 00:00:00,Utah Jazz,Miami Heat,98,83
400828487,2016-01-15 00:00:00,Denver Nuggets,Miami Heat,95,98
400828498,2016-01-17 00:00:00,Oklahoma City Thunder,Miami Heat,99,74
400828517,2016-01-20 00:00:00,Washington Wizards,Miami Heat,106,87
400828707,2016-02-20 00:00:00,Miami Heat,Washington Wizards,114,94
400828877,2016-03-14 00:00:00,Miami Heat,Denver Nuggets,124,119
400828962,2016-03-25 00:00:00,Miami Heat,Orlando Magic,108,97
400829029,2016-04-02 00:00:00,Portland Trail Blazers,Miami Heat,110,93
400829066,2016-04-08 00:00:00,Orlando Magic,Miami Heat,112,109
400829087,2016-04-10 00:00:00,Miami Heat,Orlando Magic,118,96
400827891,2015-10-28 00:00:00,Orlando Magic,Washington Wizards,87,88
400827909,2015-10-30 00:00:00,Orlando Magic,Oklahoma City Thunder,136 2OT,139
400828015,2015-11-13 00:00:00,Orlando Magic,Utah Jazz,102,93
400828026,2015-11-14 00:00:00,Washington Wizards,Orlando Magic,108,99
400828053,2015-11-18 00:00:00,Orlando Magic,Minnesota Timberwolves,104,101 OT
400828152,2015-12-01 00:00:00,Minnesota Timberwolves,Orlando Magic,93,96
400828166,2015-12-03 00:00:00,Utah Jazz,Orlando Magic,94,103
400828204,2015-12-08 00:00:00,Denver Nuggets,Orlando Magic,74,85
400828274,2015-12-18 00:00:00,Orlando Magic,Portland Trail Blazers,102,94
400828377,2016-01-01 00:00:00,Washington Wizards,Orlando Magic,103,91
400828439,2016-01-09 00:00:00,Orlando Magic,Washington Wizards,99,105
400828627,2016-02-03 00:00:00,Oklahoma City Thunder,Orlando Magic,117,114
400828869,2016-03-12 00:00:00,Portland Trail Blazers,Orlando Magic,121,84
400828885,2016-03-15 00:00:00,Orlando Magic,Denver Nuggets,116,110
400827994,2015-11-10 00:00:00,Washington Wizards,Oklahoma City Thunder,101,125
400828504,2016-01-18 00:00:00,Washington Wizards,Portland Trail Blazers,98,108
400828580,2016-01-28 00:00:00,Washington Wizards,Denver Nuggets,113,117
400828612,2016-02-01 00:00:00,Oklahoma City Thunder,Washington Wizards,114,98
400866670,2016-02-18 00:00:00,Washington Wizards,Utah Jazz,103,89
400828791,2016-03-02 00:00:00,Minnesota Timberwolves,Washington Wizards,98,104
400828835,2016-03-08 00:00:00,Portland Trail Blazers,Washington Wizards,116,109 OT
400828856,2016-03-11 00:00:00,Utah Jazz,Washington Wizards,114,93
400828867,2016-03-12 00:00:00,Denver Nuggets,Washington Wizards,116,100
400828960,2016-03-25 00:00:00,Washington Wizards,Minnesota Timberwolves,129 2OT,132
400827916,2015-10-30 00:00:00,Denver Nuggets,Minnesota Timberwolves,78,95
400827931,2015-11-01 00:00:00,Oklahoma City Thunder,Denver Nuggets,117,93
400827960,2015-11-05 00:00:00,Denver Nuggets,Utah Jazz,84,96
400827989,2015-11-09 00:00:00,Denver Nuggets,Portland Trail Blazers,108,104
400828227,2015-12-11 00:00:00,Denver Nuggets,Minnesota Timberwolves,111,108 OT
400828255,2015-12-15 00:00:00,Minnesota Timberwolves,Denver Nuggets,100,112
400828282,2015-12-18 00:00:00,Utah Jazz,Denver Nuggets,97,88
400828343,2015-12-27 00:00:00,Oklahoma City Thunder,Denver Nuggets,122,112
400828369,2015-12-30 00:00:00,Portland Trail Blazers,Denver Nuggets,110,103
400828396,2016-01-03 00:00:00,Denver Nuggets,Portland Trail Blazers,106,112
400828417,2016-01-06 00:00:00,Minnesota Timberwolves,Denver Nuggets,74,78
400828514,2016-01-19 00:00:00,Denver Nuggets,Oklahoma City Thunder,104,110
400828630,2016-02-03 00:00:00,Utah Jazz,Denver Nuggets,85,81
400829047,2016-04-05 00:00:00,Denver Nuggets,Oklahoma City Thunder,102,124
400829085,2016-04-10 00:00:00,Denver Nuggets,Utah Jazz,84,100
400829117,2016-04-13 00:00:00,Portland Trail Blazers,Denver Nuggets,107,99
400827937,2015-11-02 00:00:00,Minnesota Timberwolves,Portland Trail Blazers,101,106
400828181,2015-12-05 00:00:00,Minnesota Timberwolves,Portland Trail Blazers,103,109
400828366,2015-12-30 00:00:00,Minnesota Timberwolves,Utah Jazz,94,80
400828461,2016-01-12 00:00:00,Minnesota Timberwolves,Oklahoma City Thunder,96,101
400828481,2016-01-15 00:00:00,Oklahoma City Thunder,Minnesota Timberwolves,113,93
400828575,2016-01-27 00:00:00,Minnesota Timberwolves,Oklahoma City Thunder,123,126
400828591,2016-01-29 00:00:00,Utah Jazz,Minnesota Timberwolves,103,90
400828606,2016-01-31 00:00:00,Portland Trail Blazers,Minnesota Timberwolves,96,93
400828855,2016-03-11 00:00:00,Oklahoma City Thunder,Minnesota Timberwolves,96,99
400828974,2016-03-26 00:00:00,Minnesota Timberwolves,Utah Jazz,84,93
400829021,2016-04-01 00:00:00,Utah Jazz,Minnesota Timberwolves,98,85
400829079,2016-04-09 00:00:00,Portland Trail Blazers,Minnesota Timberwolves,105,106
400828095,2015-11-23 00:00:00,Utah Jazz,Oklahoma City Thunder,89,111
400828228,2015-12-11 00:00:00,Utah Jazz,Oklahoma City Thunder,90,94
400828243,2015-12-13 00:00:00,Oklahoma City Thunder,Utah Jazz,104,98 OT
400828265,2015-12-16 00:00:00,Oklahoma City Thunder,Portland Trail Blazers,106,90
400828451,2016-01-10 00:00:00,Portland Trail Blazers,Oklahoma City Thunder,115,110
400828880,2016-03-14 00:00:00,Oklahoma City Thunder,Portland Trail Blazers,128,94
400828958,2016-03-24 00:00:00,Oklahoma City Thunder,Utah Jazz,113,91
400829058,2016-04-06 00:00:00,Portland Trail Blazers,Oklahoma City Thunder,120,115
400827955,2015-11-04 00:00:00,Utah Jazz,Portland Trail Blazers,92,108
400828376,2015-12-31 00:00:00,Utah Jazz,Portland Trail Blazers,109,96
400828471,2016-01-13 00:00:00,Portland Trail Blazers,Utah Jazz,99,85
400828719,2016-02-21 00:00:00,Portland Trail Blazers,Utah Jazz,115,111
